imo,vessel_name,gross_tonnage,type,year_build,flag
9539092,ADELINE,21020,Ro-Ro Cargo Ship,2012,Malta (MLT)
9446881,ADRIA ACE,41009,Vehicles Carrier,2009,Bahamas (BHS)
9442885,ADRIATIC HIGHWAY,58990,Vehicles Carrier,2008,Japan (JPN)
9215488,ADRIYATIK,26469,Ro-Ro Cargo Ship,2001,Panama (PAN)
9464388,AEGEAN HIGHWAY,58989,Vehicles Carrier,2008,Japan (JPN)
9297826,AGDAM,8547,Ro-Ro Cargo Ship,2006,Azerbaijan (AZE)
9297838,AKADEMIK ZARIFA ALIYEVA,8547,Ro-Ro Cargo Ship,2006,Azerbaijan (AZE)
9266487,AL HURREYA,13529,Ro-Ro Cargo Ship,2005,Egypt (EGY)
9309136,AL HURREYA 2,13529,Ro-Ro Cargo Ship,2007,Egypt (EGY)
9500390,AL HURREYA 3,16804,Ro-Ro Cargo Ship,2020,Egypt (EGY)
9848467,ALF POLLAK,32936,Ro-Ro Cargo Ship,2018,Italy (ITA)
9303546,ALLIANCE FAIRFAX,59705,Vehicles Carrier,2005,United States of America (USA)
9332547,ALLIANCE NORFOLK,57280,Vehicles Carrier,2007,United States of America (USA)
9285500,ALLIANCE ST. LOUIS,57280,Vehicles Carrier,2005,United States of America (USA)
9539171,ALTAIR LEADER,60394,Vehicles Carrier,2011,Japan (JPN)
9424871,AMANDINE,33690,Ro-Ro Cargo Ship,2011,Malta (MLT)
9277826,AMBER ARROW,57718,Vehicles Carrier,2004,Bahamas (BHS)
9205976,AMERICAN HIGHWAY,49212,Vehicles Carrier,2000,Panama (PAN)
9397999,AMETHYST ACE,60143,Vehicles Carrier,2008,Cayman Islands (CYM)
9207998,AMILCAR,22900,Ro-Ro Cargo Ship,2000,Tunisia (TUN)
9732905,AN JI 21,19986,Vehicles Carrier,2016,China Peoples's Republic (CHN)
9732917,AN JI 22,19986,Vehicles Carrier,2016,China Peoples's Republic (CHN)
9776858,AN JI 23,35477,Vehicles Carrier,2017,China Peoples's Republic (CHN)
9776860,AN JI 24,35482,Vehicles Carrier,2017,China Peoples's Republic (CHN)
9851529,AN JI 27,19890,Vehicles Carrier,2019,China Peoples's Republic (CHN)
9605695,AN JI 8,19568,Vehicles Carrier,2011,China Peoples's Republic (CHN)
9626704,AN JI 9,19349,Vehicles Carrier,2011,China Peoples's Republic (CHN)
9273909,ANDROMEDA LEADER,62195,Vehicles Carrier,2004,Panama (PAN)
9372327,ANDROMEDA SPIRIT,43810,Vehicles Carrier,2007,Panama (PAN)
9377494,ANIARA,71673,Vehicles Carrier,2008,Sweden (SWE)
9539169,ANTARES LEADER,60284,Vehicles Carrier,2011,Panama (PAN)
9248540,ANVIL POINT,23235,Ro-Ro Cargo Ship,2003,United Kingdom (GBR)
9335953,APHRODITE LEADER,62568,Vehicles Carrier,2007,Japan (JPN)
9728083,APOLLON HIGHWAY,76299,Vehicles Carrier,2017,Panama (PAN)
9402706,APOLLON LEADER,60213,Vehicles Carrier,2008,Panama (PAN)
9397987,AQUAMARINE ACE,60143,Vehicles Carrier,2008,Cayman Islands (CYM)
9483786,ARABIAN SEA,46800,Vehicles Carrier,2010,Marshall Islands (MHL)
9332925,ARC INDEPENDENCE,72118,Vehicles Carrier,2007,United States of America (USA)
9332949,ARC INTEGRITY,72118,Vehicles Carrier,2008,United States of America (USA)
9316141,ARC RESOLVE,61260,Vehicles Carrier,2006,United States of America (USA)
9676864,ARIES LEADER,69931,Vehicles Carrier,2014,Panama (PAN)
9609964,ARK DANIA,33313,Ro-Ro Cargo Ship,2014,Denmark (DIS) (DIS)
9609952,ARK GERMANIA,33313,Ro-Ro Cargo Ship,2014,Denmark (DIS) (DIS)
9355202,ARTEMIS LEADER,62571,Vehicles Carrier,2008,Panama (PAN)
9293428,ARTEMIS SEAWAYS,29060,Ro-Ro Cargo Ship,2005,Turkey (TUR)
9700201,ASAKA,2988,Vehicles Carrier,2014,Japan (JPN)
9549401,ASIA PRIMA 4501,331,Ro-Ro Cargo Ship,2010,Indonesia (IDN)
9448061,ASIAN EXPLORER,43810,Vehicles Carrier,2009,Panama (PAN)
9322425,ASPENDOS SEAWAYS,29060,Ro-Ro Cargo Ship,2005,Turkey (TUR)
9293416,ASSOS SEAWAYS,29060,Ro-Ro Cargo Ship,2005,Turkey (TUR)
9531741,ASTERIA LEADER,63084,Vehicles Carrier,2010,Panama (PAN)
9182368,ASTRAL ACE,36897,Vehicles Carrier,2000,Japan (JPN)
9443073,ATHENS HIGHWAY,58994,Vehicles Carrier,2008,Japan (JPN)
9250232,ATLANTIC HIGHWAY,55493,Vehicles Carrier,2002,Panama (PAN)
9670585,ATLANTIC SAIL,100430,Container Ro-Ro Cargo Ship,2016,United Kingdom (GBR)
9670597,ATLANTIC SEA,100430,Container Ro-Ro Cargo Ship,2016,United Kingdom (GBR)
9670602,ATLANTIC SKY,100430,Container Ro-Ro Cargo Ship,2017,United Kingdom (GBR)
9670573,ATLANTIC STAR,100430,Container Ro-Ro Cargo Ship,2015,United Kingdom (GBR)
9670614,ATLANTIC SUN,100430,Container Ro-Ro Cargo Ship,2017,United Kingdom (GBR)
9531739,ATLAS LEADER,63085,Vehicles Carrier,2010,Japan (JPN)
9615391,ATSUTA MARU,16053,Vehicles Carrier,2012,Japan (JPN)
9402718,AURIGA LEADER,60213,Vehicles Carrier,2008,Panama (PAN)
9736365,AUTO ECO,42424,Vehicles Carrier,2016,Portugal (MAR) (PMD)
9736377,AUTO ENERGY,42424,Vehicles Carrier,2016,Portugal (MAR) (PMD)
9206774,AUTOSKY,21010,Vehicles Carrier,2000,Portugal (MAR) (PMD)
9206786,AUTOSTAR,21010,Vehicles Carrier,2000,Portugal (MAR) (PMD)
9227053,AUTOSUN,21094,Vehicles Carrier,2000,Portugal (MAR) (PMD)
9522403,AVANGARD,5484,Ro-Ro Cargo Ship,2009,Russia (RUS)
9542283,AZALEA ACE,43810,Vehicles Carrier,2011,Liberia (LBR)
9620944,BAHRI ABHA,50714,Ro-Ro Cargo Ship,2013,Saudi Arabia (SAU)
9620956,BAHRI HOFUF,50714,Ro-Ro Cargo Ship,2013,Saudi Arabia (SAU)
9620970,BAHRI JAZAN,50714,Ro-Ro Cargo Ship,2013,Saudi Arabia (SAU)
9626522,BAHRI JEDDAH,50714,Ro-Ro Cargo Ship,2014,Saudi Arabia (SAU)
9620968,BAHRI TABUK,50714,Ro-Ro Cargo Ship,2013,Saudi Arabia (SAU)
9626534,BAHRI YANBU,50714,Ro-Ro Cargo Ship,2014,Saudi Arabia (SAU)
9632363,BALAKEN,8045,Ro-Ro Cargo Ship,2012,Azerbaijan (AZE)
9386213,BALTIC ACE,23498,Vehicles Carrier,2007,Bahamas (BHS)
9243461,BALTIC HIGHWAY,42238,Vehicles Carrier,2001,Panama (PAN)
9267716,BALTICBORG,12635,Ro-Ro Cargo Ship,2004,Netherlands (NLD)
9510149,BALTIMORE HIGHWAY,48927,Vehicles Carrier,2009,Panama (PAN)
9832602,BANDANAIRA DOS,797,Ro-Ro Cargo Ship,2020,Philippines (PHL)
9506710,BANGKOK HIGHWAY,48936,Vehicles Carrier,2009,Japan (JPN)
9632351,BARDA,8045,Ro-Ro Cargo Ship,2012,Azerbaijan (AZE)
9262089,BEGONIA SEAWAYS,37939,Ro-Ro Cargo Ship,2004,Denmark (DIS) (DIS)
9188233,BELGIA SEAWAYS,21005,Ro-Ro Cargo Ship,2000,Lithuania (LTU)
9777802,BELUGA ACE,63115,Vehicles Carrier,2018,Panama (PAN)
9403281,BERGAMOT ACE,42401,Vehicles Carrier,2010,Cayman Islands (CYM)
9531715,BESS,58750,Vehicles Carrier,2010,Panama (PAN)
9411874,BFI 1,5786,Ro-Ro Cargo Ship,2009,Russia (RUS)
9461207,BHARATI 357,7695,Ro-Ro Cargo Ship,2021,Cyprus (CYP)
9409340,BISHU HIGHWAY,56978,Vehicles Carrier,2009,Japan (JPN)
9186649,BLUE CARRIER 1,13073,Ro-Ro Cargo Ship,2000,Greece (GRC)
9510151,BLUE RIDGE HIGHWAY,48927,Vehicles Carrier,2009,Panama (PAN)
9443554,BORE SEA,25586,Ro-Ro Cargo Ship,2011,Netherlands (NLD)
9443566,BORE SONG,25586,Ro-Ro Cargo Ship,2011,Netherlands (NLD)
9519107,BOSPORUS HIGHWAY,59440,Vehicles Carrier,2009,Panama (PAN)
9267728,BOTHNIABORG,12635,Ro-Ro Cargo Ship,2004,Netherlands (NLD)
9192129,BOTNIA SEAWAYS,11530,Ro-Ro Cargo Ship,2000,Lithuania (LTU)
9249996,BOUZAS,15224,Vehicles Carrier,2002,Spain (ESP)
9519119,BRASILIA HIGHWAY,59440,Vehicles Carrier,2009,Panama (PAN)
9207120,BRAVERY ACE,52276,Vehicles Carrier,2000,Panama (PAN)
9598012,BRILLIANT ACE,59022,Vehicles Carrier,2011,Cayman Islands (CYM)
9153032,BRITANNIA SEAWAYS,24613,Ro-Ro Cargo Ship,2000,Denmark (DIS) (DIS)
9748289,BROOKLANDS,72700,Vehicles Carrier,2017,Liberia (LBR)
9230282,BUEN VIENTO,9002,Ro-Ro Cargo Ship,2000,Panama (PAN)
9854595,BUZEN,11674,Ro-Ro Cargo Ship,2019,Japan (JPN)
9883510,BYAKKO,11454,Ro-Ro Cargo Ship,2020,Japan (JPN)
9574078,CALIFORNIA HIGHWAY,59447,Vehicles Carrier,2010,Panama (PAN)
9574066,CANADIAN HIGHWAY,59447,Vehicles Carrier,2010,Panama (PAN)
9367607,CANOPUS LEADER,51917,Vehicles Carrier,2009,Singapore (SGP)
9565558,CAPE TOWN HIGHWAY,58535,Vehicles Carrier,2011,Panama (PAN)
9242388,CAPPADOCIA SEAWAYS,26525,Ro-Ro Cargo Ship,2002,Turkey (TUR)
9283863,CAPRICORNUS LEADER,61854,Vehicles Carrier,2004,Singapore (SGP)
9731690,CAPTAIN BILL,251,Ro-Ro Cargo Ship,2013,Australia (AUS)
9539066,CAPUCINE,16342,Ro-Ro Cargo Ship,2011,Malta (MLT)
9243473,CARIBBEAN HIGHWAY,42238,Vehicles Carrier,2002,Panama (PAN)
9505027,CARMEN,74258,Vehicles Carrier,2011,Sweden (SWE)
9544920,CARNATION ACE,60975,Vehicles Carrier,2011,Liberia (LBR)
9432880,CARRERA,46800,Vehicles Carrier,2008,United Kingdom (GBR)
9713894,CASTOR LEADER,70048,Vehicles Carrier,2015,Panama (PAN)
9209453,CATHERINE,21369,Ro-Ro Cargo Ship,2002,Malta (MLT)
9544918,CATTLEYA ACE,60975,Vehicles Carrier,2011,Cayman Islands (CYM)
9183984,CELANDINE,23987,Ro-Ro Cargo Ship,2000,Malta (MLT)
9789233,CELINE,74273,Ro-Ro Cargo Ship,2017,Malta (MLT)
9284740,CENTAURUS LEADER,62195,Vehicles Carrier,2004,Singapore (SGP)
9308883,CEPHEUS LEADER,62556,Vehicles Carrier,2006,Japan (JPN)
9291133,CETUS LEADER,62621,Vehicles Carrier,2005,Japan (JPN)
9471197,CHANG DA LONG,19684,Vehicles Carrier,2012,China Peoples's Republic (CHN)
9442627,CHANG FA LONG,19222,Vehicles Carrier,2011,China Peoples's Republic (CHN)
9442586,CHANG JI LONG,19370,Vehicles Carrier,2009,China Peoples's Republic (CHN)
9852559,CHANG MAO KOU,20394,Vehicles Carrier,2020,China Peoples's Republic (CHN)
9177038,CHANG RONG KOU,37237,Vehicles Carrier,2000,China Peoples's Republic (CHN)
9177040,CHANG SHENG HONG,37237,Vehicles Carrier,2000,China Peoples's Republic (CHN)
9852561,CHANG SHENG KOU,20394,Vehicles Carrier,2020,China Peoples's Republic (CHN)
9382102,CHANG TAI HONG,40619,Vehicles Carrier,2009,China Peoples's Republic (CHN)
9556789,CHANG WANG LONG,19207,Vehicles Carrier,2010,China Peoples's Republic (CHN)
9442598,CHANG XIANG LONG,19370,Vehicles Carrier,2009,China Peoples's Republic (CHN)
9556777,CHANG XING LONG,19370,Vehicles Carrier,2009,China Peoples's Republic (CHN)
9565546,CHESAPEAKE HIGHWAY,58535,Vehicles Carrier,2010,Panama (PAN)
9903205,CHINA MERCHANTS JIANGSU CMHI-221-1,35579,Vehicles Carrier,2021,China Peoples's Republic (CHN)
9903217,CHINA MERCHANTS JIANGSU CMHI-221-2,35579,Vehicles Carrier,2021,China Peoples's Republic (CHN)
9859545,CHINA MERCHANTS JL JIANGSU JLZ8180405,64575,Ro-Ro Cargo Ship,2020,Italy (ITA)
9859557,CHINA MERCHANTS JL JIANGSU JLZ8180406,64575,Ro-Ro Cargo Ship,2020,Italy (ITA)
9856830,CHINA MERCHANTS JL JIANGSU JLZ8180407,64575,Ro-Ro Cargo Ship,2021,Finland (FIN)
9856842,CHINA MERCHANTS JL JIANGSU JLZ8180408,64575,Ro-Ro Cargo Ship,2021,Finland (FIN)
9856854,CHINA MERCHANTS JL JIANGSU JLZ8180409,64575,Ro-Ro Cargo Ship,2022,Finland (FIN)
9859569,CHINA MERCHANTS JL JIANGSU JLZ8180410,64575,Ro-Ro Cargo Ship,2021,Italy (ITA)
9859571,CHINA MERCHANTS JL JIANGSU JLZ8180411,64575,Ro-Ro Cargo Ship,2021,Italy (ITA)
9859583,CHINA MERCHANTS JL JIANGSU JLZ8180412,64575,Ro-Ro Cargo Ship,2021,Italy (ITA)
9859595,CHINA MERCHANTS JL JIANGSU JLZ8180413,64575,Ro-Ro Cargo Ship,2022,Italy (ITA)
9859600,CHINA MERCHANTS JL JIANGSU JLZ8180415,64575,Ro-Ro Cargo Ship,2022,Italy (ITA)
9859612,CHINA MERCHANTS JL JIANGSU JLZ8180416,64575,Ro-Ro Cargo Ship,2022,Italy (ITA)
9736860,CHURASHIMA,9483,Ro-Ro Cargo Ship,2014,Japan (JPN)
9383558,CITY OF HAMBURG,15643,Ro-Ro Cargo Ship,2008,France (RIF) (FIS)
9407677,CITY OF OSLO,20209,Vehicles Carrier,2010,Singapore (SGP)
9473468,CITY OF ROTTERDAM,21143,Vehicles Carrier,2011,Panama (PAN)
9473456,CITY OF ST. PETERSBURG,21143,Vehicles Carrier,2010,Panama (PAN)
9383560,CIUDAD DE CADIZ,15643,Ro-Ro Cargo Ship,2009,France (RIF) (FIS)
9372688,CLIPPER PENNANT,14759,Ro-Ro Cargo Ship,2009,Cyprus (CYP)
9350666,CLIPPER POINT,14759,Ro-Ro Cargo Ship,2008,Cyprus (CYP)
9363950,CLOVER ACE,60065,Vehicles Carrier,2008,Liberia (LBR)
9442873,COLUMBIA HIGHWAY,59493,Vehicles Carrier,2008,Panama (PAN)
9182356,COMET ACE,36615,Vehicles Carrier,2000,Panama (PAN)
9548940,COMP TRADER,373,Ro-Ro Cargo Ship,2009,Not Known
9238519,CONTINENTAL HIGHWAY,55493,Vehicles Carrier,2001,Panama (PAN)
9318486,CORAL LEADER,40986,Vehicles Carrier,2006,Bahamas (BHS)
9357597,CORONA SEA,25609,Ro-Ro Cargo Ship,2008,United Kingdom (GBR)
9454711,COSCO SHENGSHI,51671,Vehicles Carrier,2011,Panama (PAN)
9454723,COSCO TENGFEI,51699,Vehicles Carrier,2011,Panama (PAN)
9252204,COURAGEOUS ACE,56563,Vehicles Carrier,2003,Japan (JPN)
9464455,CRONUS LEADER,61804,Vehicles Carrier,2008,Panama (PAN)
9539224,CRYSTAL ACE,60131,Vehicles Carrier,2012,Marshall Islands (MHL)
9210440,CRYSTAL RAY,57772,Vehicles Carrier,2000,Bahamas (BHS)
9308807,CSAV RIO GRANDE,46800,Vehicles Carrier,2007,Liberia (LBR)
9325180,CSAV RIO NEVADO,46800,Vehicles Carrier,2007,Liberia (LBR)
9381249,CYGNUS LEADER,61775,Vehicles Carrier,2007,Panama (PAN)
9426362,DAEDALUS LEADER,62993,Vehicles Carrier,2009,Japan (JPN)
9370410,DAIHATSU MARU,3206,Vehicles Carrier,2008,Japan (JPN)
9392121,DAIHATSU MARU 2,3214,Vehicles Carrier,2009,Japan (JPN)
9565560,DALIAN HIGHWAY,58535,Vehicles Carrier,2011,Panama (PAN)
9886392,DAMEN GORINCHEM 559016,4900,Ro-Ro Cargo Ship,2021,Canada (CAN)
9886407,DAMEN GORINCHEM 559017,4900,Ro-Ro Cargo Ship,2021,Canada (CAN)
9316309,DANUBE HIGHWAY,23498,Vehicles Carrier,2006,Bahamas (BHS)
9322437,DARDANELLES SEAWAYS,29060,Ro-Ro Cargo Ship,2006,Turkey (TUR)
9791119,DAYBREAK'S BELL,7971,Ro-Ro Cargo Ship,2016,Japan (JPN)
9536959,DELHI HIGHWAY,58997,Vehicles Carrier,2011,Panama (PAN)
9789245,DELPHINE,74273,Ro-Ro Cargo Ship,2018,Malta (MLT)
9198501,DELTA MARINER,8679,Ro-Ro Cargo Ship,2000,United States of America (USA)
9477921,DEMETER LEADER,62388,Vehicles Carrier,2009,Japan (JPN)
9738777,DENEB LEADER,70048,Vehicles Carrier,2015,Panama (PAN)
9293636,DIAMOND HIGHWAY,60175,Vehicles Carrier,2004,Not Known
9899014,DIEDRICH 1002,727,Ro-Ro Cargo Ship,2021,Germany (DEU)
9441506,DIGNITY ACE,58767,Vehicles Carrier,2010,Bahamas (BHS)
9561954,DIONE LEADER,62838,Vehicles Carrier,2013,Panama (PAN)
9426350,DIONYSOS LEADER,62993,Vehicles Carrier,2009,Japan (JPN)
9610432,DIVINE ACE,59022,Vehicles Carrier,2013,Panama (PAN)
9441867,DONG-A GLAUCOS,72408,Vehicles Carrier,2011,Marshall Islands (MHL)
9419747,DONG-A METIS,60396,Vehicles Carrier,2010,Panama (PAN)
9331440,DONGBANG ACE,5566,Ro-Ro Cargo Ship,2004,Korea (Republic of) (KOR)
9748291,DONINGTON,72700,Vehicles Carrier,2017,Liberia (LBR)
9308895,DORADO LEADER,62571,Vehicles Carrier,2006,Panama (PAN)
9574107,DOVER HIGHWAY,59030,Vehicles Carrier,2011,Japan (JPN)
9303156,DREAM ANGEL,41662,Vehicles Carrier,2006,Panama (PAN)
9303168,DREAM BEAUTY,41662,Vehicles Carrier,2006,Panama (PAN)
9325788,DREAM DIAMOND,41662,Vehicles Carrier,2007,Panama (PAN)
9325790,DREAM DIVA,41662,Vehicles Carrier,2007,Panama (PAN)
9334246,DREAM JASMINE,41662,Vehicles Carrier,2008,Panama (PAN)
9360568,DREAM ORCHID,41662,Vehicles Carrier,2009,Panama (PAN)
9728069,DRIVE GREEN HIGHWAY,76387,Vehicles Carrier,2016,Panama (PAN)
9777838,DUGONG ACE,63116,Vehicles Carrier,2019,Panama (PAN)
9536961,DURBAN HIGHWAY,58997,Vehicles Carrier,2011,Panama (PAN)
9429998,EAST WIND,492,Ro-Ro Cargo Ship,2007,Panama (PAN)
9325764,EASTERN HIGHWAY,39422,Vehicles Carrier,2006,Marshall Islands (MHL)
9859533,ECO VALENCIA,64575,Ro-Ro Cargo Ship,2020,Italy (ITA)
9234070,EDDYSTONE,23235,Ro-Ro Cargo Ship,2002,United Kingdom (GBR)
9316282,ELBE HIGHWAY,23498,Vehicles Carrier,2005,Bahamas (BHS)
9561265,ELEGANT ACE,58939,Vehicles Carrier,2010,Cayman Islands (CYM)
9386811,ELEKTRON,3438,Ro-Ro Cargo Ship,2008,Norway (NOR)
9226360,ELIANA MARINO,18265,Ro-Ro Cargo Ship,2000,Italy (ITA)
9208007,ELYSSA,22900,Ro-Ro Cargo Ship,2000,Tunisia (TUN)
9539236,EMERALD ACE,60154,Vehicles Carrier,2012,Marshall Islands (MHL)
9361811,EMERALD LEADER,40986,Vehicles Carrier,2008,Bahamas (BHS)
9293571,EMINENT ACE,58595,Vehicles Carrier,2005,Japan (JPN)
9816830,EPHESUS SEAWAYS,60465,Ro-Ro Cargo Ship,2019,Turkey (TUR)
9342906,EQUULEUS LEADER,62393,Vehicles Carrier,2005,Japan (JPN)
9498602,ERIDANUS LEADER,59501,Vehicles Carrier,2010,Japan (JPN)
9606479,ETERNAL ACE,59022,Vehicles Carrier,2011,Panama (PAN)
9293595,EUPHONY ACE,58631,Vehicles Carrier,2005,Panama (PAN)
9604926,EUPHRATES HIGHWAY,59447,Vehicles Carrier,2012,Panama (PAN)
9604938,EURASIAN HIGHWAY,59029,Vehicles Carrier,2012,Japan (JPN)
9465540,EUROCARGO ALEXANDRIA,32841,Ro-Ro Cargo Ship,2011,Italy (ITA)
9471082,EUROCARGO BARI,32825,Ro-Ro Cargo Ship,2012,Italy (ITA)
9471068,EUROCARGO CAGLIARI,32842,Ro-Ro Cargo Ship,2012,Italy (ITA)
9503627,EUROCARGO CATANIA,29429,Ro-Ro Cargo Ship,2011,Italy (ITA)
9458951,EUROCARGO GENOVA,32844,Ro-Ro Cargo Ship,2010,Italy (ITA)
9471070,EUROCARGO LIVORNO,32632,Ro-Ro Cargo Ship,2012,Italy (ITA)
9465514,EUROCARGO MALTA,32841,Ro-Ro Cargo Ship,2010,Italy (ITA)
9465538,EUROCARGO PALERMO,32839,Ro-Ro Cargo Ship,2010,Italy (ITA)
9471056,EUROCARGO RAVENNA,32841,Ro-Ro Cargo Ship,2012,Italy (ITA)
9465526,EUROCARGO ROMA,32839,Ro-Ro Cargo Ship,2010,Italy (ITA)
9457191,EUROCARGO SAVONA,29429,Ro-Ro Cargo Ship,2011,Malta (MLT)
9457177,EUROCARGO SICILIA,29004,Ro-Ro Cargo Ship,2009,Italy (ITA)
9465552,EUROCARGO VENEZIA,32841,Ro-Ro Cargo Ship,2011,Italy (ITA)
9809590,FADIQ,32770,Ro-Ro Cargo Ship,2017,Turkey (TUR)
8651685,FAJAR BAHARI I,2796,Ro-Ro Cargo Ship,2010,Indonesia (IDN)
9647722,FAJAR BAHARI II,2596,Ro-Ro Cargo Ship,2011,Indonesia (IDN)
9730282,FAJAR BAHARI III,7266,Ro-Ro Cargo Ship,2014,Indonesia (IDN)
9841251,FAJAR BAHARI V,8131,Ro-Ro Cargo Ship,2017,Indonesia (IDN)
9913133,FAJAR BAHARI VI,9866,Ro-Ro Cargo Ship,2020,Sierra leone (SLE)
9293911,FELICITY ACE,60118,Vehicles Carrier,2005,Panama (PAN)
9691307,FERRY SAKURA II,883,Ro-Ro Cargo Ship,2014,Japan (JPN)
9617911,FERRY TAISHU,1083,Ro-Ro Cargo Ship,2011,Japan (JPN)
9320568,FICARIA SEAWAYS,37939,Ro-Ro Cargo Ship,2006,Denmark (DIS) (DIS)
9332937,FIDELIO,71583,Vehicles Carrier,2007,Sweden (SWE)
9505041,FIGARO,74258,Vehicles Carrier,2011,Sweden (SWE)
9198721,FINLANDIA SEAWAYS,11530,Ro-Ro Cargo Ship,2000,Lithuania (LTU)
9468889,FINNBREEZE,33816,Ro-Ro Cargo Ship,2011,Finland (FIN)
9207895,FINNHAWK,11671,Ro-Ro Cargo Ship,2001,Finland (FIN)
9207883,FINNKRAFT,11671,Ro-Ro Cargo Ship,2000,Finland (FIN)
9234082,FINNMERCHANT,23235,Ro-Ro Cargo Ship,2003,Finland (FIN)
9212656,FINNMILL,25732,Ro-Ro Cargo Ship,2002,Finland (FIN)
9212644,FINNPULP,25732,Ro-Ro Cargo Ship,2002,Finland (FIN)
9468891,FINNSEA,33816,Ro-Ro Cargo Ship,2011,Finland (FIN)
9468906,FINNSKY,33816,Ro-Ro Cargo Ship,2012,Finland (FIN)
9468918,FINNSUN,33816,Ro-Ro Cargo Ship,2012,Finland (FIN)
9468920,FINNTIDE,33816,Ro-Ro Cargo Ship,2012,Finland (FIN)
9468932,FINNWAVE,33816,Ro-Ro Cargo Ship,2012,Finland (FIN)
9395343,FIONIA SEA,25609,Ro-Ro Cargo Ship,2009,United Kingdom (GBR)
9293894,FIRMAMENT ACE,60118,Vehicles Carrier,2006,Bahamas (BHS)
9860142,FLANDRIA SEAWAYS,60500,Ro-Ro Cargo Ship,2020,Denmark (DIS) (DIS)
9220639,FLEET LEADER,8831,Ro-Ro Cargo Ship,2000,Liberia (LBR)
9442861,FLORIDA HIGHWAY,59493,Vehicles Carrier,2008,Panama (PAN)
9293662,FREEDOM ACE,60065,Vehicles Carrier,2005,Japan (JPN)
9274848,FREESIA SEAWAYS,37939,Ro-Ro Cargo Ship,2005,Denmark (DIS) (DIS)
9667344,FREMANTLE HIGHWAY,59525,Vehicles Carrier,2013,Panama (PAN)
9578127,FRISIA VIII,581,Ro-Ro Cargo Ship,2010,Germany (DEU)
9209271,FRONTIER ACE,52276,Vehicles Carrier,2000,Panama (PAN)
9816189,FUJIKI,15986,Vehicles Carrier,2018,Japan (JPN)
9210000,FUJITRANS WORLD,27286,Vehicles Carrier,2000,Liberia (LBR)
9314595,FULLRICH,9914,Ro-Ro Cargo Ship,2004,Panama (PAN)
9367798,FUOU MARU,13950,Vehicles Carrier,2006,Japan (JPN)
9445394,G POSEIDON,72408,Vehicles Carrier,2011,Panama (PAN)
9536818,GAIA LEADER,62838,Vehicles Carrier,2011,Panama (PAN)
9422134,GALATA SEAWAYS,34215,Ro-Ro Cargo Ship,2010,Turkey (TUR)
9624237,GALAXY ACE,59583,Vehicles Carrier,2012,Liberia (LBR)
9237307,GALAXY LEADER,48710,Vehicles Carrier,2002,Bahamas (BHS)
9268409,GALICIA,16361,Vehicles Carrier,2003,Portugal (MAR) (PMD)
9215476,GALLIPOLI SEAWAYS,26525,Ro-Ro Cargo Ship,2001,Turkey (TUR)
9675573,GALVESTON HIGHWAY,59525,Vehicles Carrier,2014,Panama (PAN)
9542295,GARDENIA ACE,43810,Vehicles Carrier,2011,Liberia (LBR)
9809095,GARDENIA SEAWAYS,32336,Ro-Ro Cargo Ship,2017,Lithuania (LTU)
9476769,GARNET ACE,60148,Vehicles Carrier,2010,Panama (PAN)
9357327,GARNET LEADER,57692,Vehicles Carrier,2008,Bahamas (BHS)
9791121,GENBU,7971,Ro-Ro Cargo Ship,2017,Japan (JPN)
9307372,GENCA,28289,Ro-Ro Cargo Ship,2007,Netherlands (NLD)
9672416,GENIUS HIGHWAY,58767,Vehicles Carrier,2014,Bahamas (BHS)
9391567,GENTLE LEADER,57692,Vehicles Carrier,2008,Bahamas (BHS)
9610418,GENUINE ACE,59022,Vehicles Carrier,2012,Liberia (LBR)
9339820,GEORGIA HIGHWAY,56973,Vehicles Carrier,2007,Japan (JPN)
9503639,GIUSEPPE LUCCHESI,29429,Ro-Ro Cargo Ship,2012,Italy (ITA)
9220641,GLOBAL CARRIER,8831,Ro-Ro Cargo Ship,2000,Liberia (LBR)
9726695,GLOBAL HIGHWAY,75036,Vehicles Carrier,2016,Panama (PAN)
9237319,GLOBAL LEADER,48710,Vehicles Carrier,2002,Bahamas (BHS)
9561277,GLORIOUS ACE,58939,Vehicles Carrier,2010,Cayman Islands (CYM)
9357298,GLORIOUS LEADER,57692,Vehicles Carrier,2007,Bahamas (BHS)
9707015,GLOVIS CAPTAIN,59954,Vehicles Carrier,2015,Marshall Islands (MHL)
9441594,GLOVIS CARAVEL,58767,Vehicles Carrier,2012,Bahamas (BHS)
9419759,GLOVIS CARDINAL,60404,Vehicles Carrier,2012,Korea (Republic of) (KOR)
9590589,GLOVIS CENTURY,58288,Vehicles Carrier,2012,Panama (PAN)
9590591,GLOVIS CHALLENGE,58288,Vehicles Carrier,2012,Panama (PAN)
9651113,GLOVIS CHAMPION,59060,Vehicles Carrier,2013,Marshall Islands (MHL)
9441582,GLOVIS CLIPPER,58767,Vehicles Carrier,2012,Bahamas (BHS)
9460899,GLOVIS COMPANION,60213,Vehicles Carrier,2010,Marshall Islands (MHL)
9293583,GLOVIS COMPOSER,58631,Vehicles Carrier,2005,"Hong Kong, China (HKG)"
9414876,GLOVIS CONDOR,60396,Vehicles Carrier,2011,Korea (Republic of) (KOR)
9707027,GLOVIS COSMOS,59954,Vehicles Carrier,2015,Marshall Islands (MHL)
9451898,GLOVIS COUGAR,60404,Vehicles Carrier,2012,Korea (Republic of) (KOR)
9476721,GLOVIS COUNTESS,60213,Vehicles Carrier,2010,Marshall Islands (MHL)
9651101,GLOVIS COURAGE,59060,Vehicles Carrier,2013,Marshall Islands (MHL)
9706994,GLOVIS CROWN,59968,Vehicles Carrier,2014,Marshall Islands (MHL)
9707003,GLOVIS CRYSTAL,59760,Vehicles Carrier,2015,Marshall Islands (MHL)
9798399,GLOVIS SAFETY,72269,Vehicles Carrier,2017,Marshall Islands (MHL)
9736810,GLOVIS SIGMA,71177,Vehicles Carrier,2016,Bahamas (BHS)
9749582,GLOVIS SIRIUS,65697,Vehicles Carrier,2016,Marshall Islands (MHL)
9798404,GLOVIS SKY,72269,Vehicles Carrier,2017,Marshall Islands (MHL)
9445409,GLOVIS SOLOMON,72635,Vehicles Carrier,2011,Korea (Republic of) (KOR)
9798387,GLOVIS SONIC,72269,Vehicles Carrier,2017,Marshall Islands (MHL)
9674165,GLOVIS SPIRIT,64650,Vehicles Carrier,2013,Marshall Islands (MHL)
9702431,GLOVIS SPLENDOR,64751,Vehicles Carrier,2014,Marshall Islands (MHL)
9749594,GLOVIS SPRING,65697,Vehicles Carrier,2016,Marshall Islands (MHL)
9736808,GLOVIS STAR,71177,Vehicles Carrier,2016,Bahamas (BHS)
9749570,GLOVIS STELLA,65697,Vehicles Carrier,2016,Marshall Islands (MHL)
9702417,GLOVIS SUMMIT,64546,Vehicles Carrier,2014,Marshall Islands (MHL)
9749568,GLOVIS SUN,65697,Vehicles Carrier,2015,Marshall Islands (MHL)
9798416,GLOVIS SUNLIGHT,72269,Vehicles Carrier,2017,Marshall Islands (MHL)
9702405,GLOVIS SUNRISE,64546,Vehicles Carrier,2014,Marshall Islands (MHL)
9674189,GLOVIS SUPERIOR,64650,Vehicles Carrier,2013,Marshall Islands (MHL)
9674177,GLOVIS SUPREME,64650,Vehicles Carrier,2013,Marshall Islands (MHL)
9702429,GLOVIS SYMPHONY,64546,Vehicles Carrier,2014,Marshall Islands (MHL)
9775816,GOLDEN RAY,71178,Vehicles Carrier,2017,Marshall Islands (MHL)
9357315,GOLIATH LEADER,57692,Vehicles Carrier,2008,Bahamas (BHS)
9701140,GOODWOOD,59516,Vehicles Carrier,2014,Liberia (LBR)
9188245,GOTHIA SEAWAYS,21005,Ro-Ro Cargo Ship,2000,Lithuania (LTU)
9806225,GOULPHAR,299,Ro-Ro Cargo Ship,2017,France (FRA)
9357303,GRACEFUL LEADER,57692,Vehicles Carrier,2007,Bahamas (BHS)
9604914,GRACIOUS ACE,59583,Vehicles Carrier,2012,Liberia (LBR)
9382097,GRAL. SAN MARTIN,40619,Vehicles Carrier,2009,Cyprus (CYP)
9218014,GRAN CANARIA CAR,9600,Vehicles Carrier,2001,Portugal (MAR) (PMD)
9279331,GRAND AURORA,59217,Vehicles Carrier,2004,Panama (PAN)
9227900,GRAND BENELUX,37712,Vehicles Carrier,2001,Italy (ITA)
9340570,GRAND CHAMPION,59217,Vehicles Carrier,2008,Panama (PAN)
9303182,GRAND COSMO,59217,Vehicles Carrier,2006,Panama (PAN)
9355238,GRAND DAHLIA,59217,Vehicles Carrier,2009,Panama (PAN)
9303223,GRAND DIAMOND,59217,Vehicles Carrier,2007,Panama (PAN)
9279329,GRAND DOLPHIN,59217,Vehicles Carrier,2004,Panama (PAN)
9303170,GRAND DUKE,59217,Vehicles Carrier,2005,Panama (PAN)
9267663,GRAND EAGLE,58947,Vehicles Carrier,2003,Panama (PAN)
9339806,GRAND HERO,59217,Vehicles Carrier,2007,Panama (PAN)
9355240,GRAND LEGACY,59217,Vehicles Carrier,2009,Panama (PAN)
9228306,GRAND MARK,57350,Vehicles Carrier,2000,Panama (PAN)
9247584,GRAND MERCURY,58947,Vehicles Carrier,2002,Panama (PAN)
9303209,GRAND NEPTUNE,59217,Vehicles Carrier,2006,Panama (PAN)
9303194,GRAND ORION,59217,Vehicles Carrier,2006,Panama (PAN)
9284776,GRAND PAVO,59217,Vehicles Carrier,2005,Panama (PAN)
9339844,GRAND PEARL,59217,Vehicles Carrier,2008,Panama (PAN)
9284764,GRAND PHOENIX,59217,Vehicles Carrier,2005,Panama (PAN)
9247572,GRAND PIONEER,58947,Vehicles Carrier,2002,Panama (PAN)
9184940,GRAND RACE,50309,Vehicles Carrier,2000,Panama (PAN)
9325221,GRAND RUBY,59217,Vehicles Carrier,2007,Panama (PAN)
9325233,GRAND SAPPHIRE,59217,Vehicles Carrier,2007,Panama (PAN)
9472206,GRAND URANUS,72408,Vehicles Carrier,2012,"Hong Kong, China (HKG)"
9355252,GRAND VEGA,59217,Vehicles Carrier,2009,Panama (PAN)
9303211,GRAND VENUS,59217,Vehicles Carrier,2006,Panama (PAN)
9334234,GRAND VICTORY,59217,Vehicles Carrier,2008,Panama (PAN)
9680712,GRANDE ABIDJAN,71543,Ro-Ro Cargo Ship,2015,Italy (ITA)
9246607,GRANDE AMBURGO,56738,Ro-Ro Cargo Ship,2003,Italy (ITA)
9343156,GRANDE ANGOLA,47115,Ro-Ro Cargo Ship,2008,Italy (ITA)
9287417,GRANDE ANVERSA,38651,Vehicles Carrier,2004,Italy (ITA)
9198135,GRANDE ARGENTINA,56660,Ro-Ro Cargo Ship,2001,Gibraltar (GIB)
9784037,GRANDE BALTIMORA,62134,Vehicles Carrier,2017,Italy (ITA)
9343170,GRANDE BENIN,47231,Ro-Ro Cargo Ship,2009,Italy (ITA)
9198123,GRANDE BRASILE,56660,Ro-Ro Cargo Ship,2000,Gibraltar (GIB)
9253210,GRANDE BUENOS AIRES,56738,Ro-Ro Cargo Ship,2004,Italy (ITA)
9377482,GRANDE CAMEROON,47231,Ro-Ro Cargo Ship,2010,Italy (ITA)
9318527,GRANDE COLONIA,38651,Vehicles Carrier,2007,Italy (ITA)
9437921,GRANDE CONGO,47658,Ro-Ro Cargo Ship,2010,Italy (ITA)
9465382,GRANDE COSTA D'AVORIO,47218,Ro-Ro Cargo Ship,2011,Italy (ITA)
9672105,GRANDE COTONOU,71543,Ro-Ro Cargo Ship,2015,Italy (ITA)
9680724,GRANDE DAKAR,71543,Ro-Ro Cargo Ship,2015,Italy (ITA)
9293272,GRANDE DETROIT,38651,Vehicles Carrier,2005,Italy (ITA)
9220627,GRANDE ELLADE,52485,Vehicles Carrier,2001,Italy (ITA)
9246592,GRANDE FRANCIA,56738,Ro-Ro Cargo Ship,2002,Italy (ITA)
9437933,GRANDE GABON,47658,Ro-Ro Cargo Ship,2011,Italy (ITA)
9343168,GRANDE GHANA,47115,Ro-Ro Cargo Ship,2009,Italy (ITA)
9437919,GRANDE GUINEA,47658,Ro-Ro Cargo Ship,2010,Italy (ITA)
9784051,GRANDE HALIFAX,62134,Vehicles Carrier,2018,Italy (ITA)
9782699,GRANDE HOUSTON,65148,Vehicles Carrier,2020,Italy (ITA)
9227912,GRANDE ITALIA,37726,Vehicles Carrier,2001,Italy (ITA)
9672088,GRANDE LAGOS,71543,Ro-Ro Cargo Ship,2014,Italy (ITA)
9724738,GRANDE LUANDA,71543,Ro-Ro Cargo Ship,2015,Italy (ITA)
9437907,GRANDE MAROCCO,47635,Ro-Ro Cargo Ship,2010,Italy (ITA)
9782687,GRANDE MIRAFIORI,65400,Vehicles Carrier,2019,Italy (ITA)
9247924,GRANDE NAPOLI,44408,Vehicles Carrier,2003,Italy (ITA)
9782704,GRANDE NEW JERSEY,66704,Vehicles Carrier,2020,Italy (ITA)
9784049,GRANDE NEW YORK,62134,Vehicles Carrier,2017,Italy (ITA)
9246580,GRANDE NIGERIA,56738,Ro-Ro Cargo Ship,2003,Italy (ITA)
9245598,GRANDE PORTOGALLO,37726,Vehicles Carrier,2002,Italy (ITA)
9247936,GRANDE ROMA,44408,Vehicles Carrier,2003,Italy (ITA)
9253208,GRANDE SAN PAOLO,56738,Ro-Ro Cargo Ship,2003,Italy (ITA)
9220615,GRANDE SCANDINAVIA,52485,Vehicles Carrier,2001,Italy (ITA)
9377470,GRANDE SENEGAL,47231,Ro-Ro Cargo Ship,2010,Italy (ITA)
9312092,GRANDE SICILIA,38651,Vehicles Carrier,2006,Italy (ITA)
9437945,GRANDE SIERRA LEONE,47658,Ro-Ro Cargo Ship,2011,Italy (ITA)
9227924,GRANDE SPAGNA,37726,Vehicles Carrier,2002,Italy (ITA)
9672090,GRANDE TEMA,71543,Ro-Ro Cargo Ship,2014,Italy (ITA)
9465370,GRANDE TOGO,47218,Ro-Ro Cargo Ship,2011,Italy (ITA)
9782675,GRANDE TORINO,65255,Vehicles Carrier,2018,Italy (ITA)
9672404,GRAVITY HIGHWAY,58767,Vehicles Carrier,2014,Bahamas (BHS)
9339818,GREEN BAY,59250,Vehicles Carrier,2007,United States of America (USA)
9294367,GUANGZHOU HIGHWAY,48927,Vehicles Carrier,2006,Panama (PAN)
9870927,GUANGZHOU HUANGPU H3089,30102,Ro-Ro Cargo Ship,2021,Marshall Islands (MHL)
9896799,GUANGZHOU HUANGPU H3090,30102,Ro-Ro Cargo Ship,2021,Marshall Islands (MHL)
9388716,GUARDIAN LEADER,57692,Vehicles Carrier,2008,Bahamas (BHS)
9395642,HA LONG CR4900-HL03,44000,Vehicles Carrier,2011,Bahamas (BHS)
9395654,HA LONG CR4900-HL04,44000,Vehicles Carrier,2011,Bahamas (BHS)
9357602,HAFNIA SEA,25609,Ro-Ro Cargo Ship,2008,United Kingdom (GBR)
9865805,HAKKO HINATA,4999,Ro-Ro Cargo Ship,2020,Japan (JPN)
9251731,HAKKO 21,2187,Ro-Ro Cargo Ship,2001,Japan (JPN)
9712644,HAMBURG HIGHWAY,75206,Vehicles Carrier,2015,Japan (JPN)
9441568,HARMONY LEADER,58767,Vehicles Carrier,2011,Bahamas (BHS)
9248538,HARTLAND POINT,23235,Ro-Ro Cargo Ship,2002,United Kingdom (GBR)
9333747,HARU MARU NO. 1,7756,Ro-Ro Cargo Ship,2006,Japan (JPN)
9333735,HARU MARU NO. 2,7756,Ro-Ro Cargo Ship,2006,Japan (JPN)
9737034,HARU MARU NO. 3,8558,Ro-Ro Cargo Ship,2015,Japan (JPN)
9690523,HARVEST LEADER,71177,Vehicles Carrier,2014,Bahamas (BHS)
9457165,HATCHE,29004,Ro-Ro Cargo Ship,2009,Turkey (TUR)
9712632,HAWAIIAN HIGHWAY,75126,Vehicles Carrier,2015,Marshall Islands (MHL)
9690547,HELIOS HIGHWAY,71177,Vehicles Carrier,2015,Bahamas (BHS)
9476745,HELIOS LEADER,60212,Vehicles Carrier,2009,Japan (JPN)
9531753,HERCULES LEADER,63083,Vehicles Carrier,2011,Japan (JPN)
9441556,HERITAGE LEADER,58767,Vehicles Carrier,2011,Bahamas (BHS)
9690535,HERMES LEADER,71177,Vehicles Carrier,2015,Bahamas (BHS)
9831177,HERMINE,50443,Ro-Ro Cargo Ship,2019,Malta (MLT)
9252216,HEROIC ACE,56439,Vehicles Carrier,2003,Panama (PAN)
9441570,HEROIC LEADER,58767,Vehicles Carrier,2011,Bahamas (BHS)
9355226,HESTIA LEADER,63007,Vehicles Carrier,2008,Japan (JPN)
9726138,HIDAKA,11185,Ro-Ro Cargo Ship,2015,Japan (JPN)
9284207,HIMAWARI NO. 5,10470,Ro-Ro Cargo Ship,2003,Japan (JPN)
9284233,HIMAWARI NO. 6,10471,Ro-Ro Cargo Ship,2003,Japan (JPN)
9654103,HIMAWARI NO. 7,10497,Ro-Ro Cargo Ship,2013,Japan (JPN)
9810836,HIMAWARI NO. 8,10626,Ro-Ro Cargo Ship,2017,Japan (JPN)
9806184,HIMAWARI NO. 9,10626,Ro-Ro Cargo Ship,2017,Japan (JPN)
9277814,HOEGH AFRICA,57718,Vehicles Carrier,2004,Bahamas (BHS)
9660798,HOEGH AMSTERDAM,58767,Vehicles Carrier,2013,Bahamas (BHS)
9441623,HOEGH ANTWERP,58767,Vehicles Carrier,2013,Bahamas (BHS)
9191876,HOEGH ASIA,68060,Vehicles Carrier,2000,Norway (NIS) (NIS)
9318474,HOEGH BANGKOK,55775,Vehicles Carrier,2007,Norway (NIS) (NIS)
9431836,HOEGH BEIJING,47232,Vehicles Carrier,2010,Norway (NIS) (NIS)
9295842,HOEGH BERLIN,68871,Vehicles Carrier,2005,Bahamas (BHS)
9368895,HOEGH BRASILIA,51731,Vehicles Carrier,2007,Panama (PAN)
9407665,HOEGH CARIBIA,20209,Vehicles Carrier,2010,Singapore (SGP)
9303558,HOEGH CHIBA,59705,Vehicles Carrier,2006,Norway (NIS) (NIS)
9420057,HOEGH COPENHAGEN,68392,Vehicles Carrier,2010,Norway (NIS) (NIS)
9312470,HOEGH DETROIT,68871,Vehicles Carrier,2006,Norway (NIS) (NIS)
9673379,HOEGH JACKSONVILLE,58531,Vehicles Carrier,2014,Norway (NIS) (NIS)
9673381,HOEGH JEDDAH,58531,Vehicles Carrier,2014,Norway (NIS) (NIS)
9330616,HOEGH KOBE,59705,Vehicles Carrier,2006,Singapore (SGP)
9342205,HOEGH LONDON,68871,Vehicles Carrier,2008,Norway (NIS) (NIS)
9368912,HOEGH MANILA,51964,Vehicles Carrier,2007,Norway (NIS) (NIS)
9431850,HOEGH MAPUTO,47266,Vehicles Carrier,2011,Norway (NIS) (NIS)
9295830,HOEGH NEW YORK,57280,Vehicles Carrier,2005,Norway (NIS) (NIS)
9185463,HOEGH OSAKA,51770,Vehicles Carrier,2000,Singapore (SGP)
9382396,HOEGH OSLO,51964,Vehicles Carrier,2008,Norway (NIS) (NIS)
9285495,HOEGH SEOUL,68871,Vehicles Carrier,2004,Norway (NIS) (NIS)
9312482,HOEGH SHANGHAI,68871,Vehicles Carrier,2007,Norway (NIS) (NIS)
9431862,HOEGH SINGAPORE,47266,Vehicles Carrier,2011,Norway (NIS) (NIS)
9420045,HOEGH ST. PETERSBURG,68392,Vehicles Carrier,2009,Norway (NIS) (NIS)
9368900,HOEGH SYDNEY,51731,Vehicles Carrier,2007,Panama (PAN)
9684976,HOEGH TARGET,76420,Vehicles Carrier,2015,Norway (NIS) (NIS)
9285483,HOEGH TOKYO,68871,Vehicles Carrier,2004,Norway (NIS) (NIS)
9684990,HOEGH TRACER,76420,Vehicles Carrier,2016,Norway (NIS) (NIS)
9706918,HOEGH TRAPPER,76420,Vehicles Carrier,2016,Norway (NIS) (NIS)
9710737,HOEGH TRAVELLER,76420,Vehicles Carrier,2016,Norway (NIS) (NIS)
9684988,HOEGH TRIGGER,76420,Vehicles Carrier,2015,Norway (NIS) (NIS)
9710749,HOEGH TROTTER,76420,Vehicles Carrier,2016,Norway (NIS) (NIS)
9186302,HOEGH TROVE,58684,Vehicles Carrier,2000,Norway (NIS) (NIS)
9431848,HOEGH XIAMEN,47232,Vehicles Carrier,2010,Norway (NIS) (NIS)
9185451,HOEGH YOKOHAMA,51770,Vehicles Carrier,2000,Singapore (SGP)
9833694,HOKKAIDO MARU,12265,Ro-Ro Cargo Ship,2019,Japan (JPN)
9700304,HOKUO MARU,11492,Ro-Ro Cargo Ship,2014,Japan (JPN)
9659177,HOKUREN MARU,11386,Ro-Ro Cargo Ship,2013,Japan (JPN)
9773806,HOKUREN MARU NO. 2,11413,Ro-Ro Cargo Ship,2016,Japan (JPN)
9726152,HOKUTO,11193,Ro-Ro Cargo Ship,2015,Japan (JPN)
9832585,HOLLANDIA SEAWAYS,60465,Ro-Ro Cargo Ship,2019,Denmark (DIS) (DIS)
9367786,HOO MARU,13950,Vehicles Carrier,2006,Japan (JPN)
9726700,HORIZON HIGHWAY,75036,Vehicles Carrier,2016,Panama (PAN)
9441520,HORIZON LEADER,58767,Vehicles Carrier,2010,Bahamas (BHS)
9362891,HOUSHO MARU,12692,Vehicles Carrier,2006,Japan (JPN)
9362906,HOUTOKU MARU,12690,Vehicles Carrier,2006,Japan (JPN)
9882877,HOYO MARU,13732,Ro-Ro Cargo Ship,2020,Japan (JPN)
9191888,HUAL EUROPE,56835,Vehicles Carrier,2000,Bahamas (BHS)
9832597,HUMBRIA SEAWAYS,60465,Ro-Ro Cargo Ship,2020,Denmark (DIS) (DIS)
9234068,HURST POINT,23235,Ro-Ro Cargo Ship,2002,United Kingdom (GBR)
9690559,HYPERION HIGHWAY,71177,Vehicles Carrier,2015,Bahamas (BHS)
9403279,HYPERION LEADER,41886,Vehicles Carrier,2010,Panama (PAN)
9791602,HYUNDAI MIPO 8153,73000,Vehicles Carrier,2020,Bahamas (BHS)
9791614,HYUNDAI MIPO 8154,73000,Vehicles Carrier,2020,Bahamas (BHS)
9791626,HYUNDAI MIPO 8155,73000,Vehicles Carrier,2020,Bahamas (BHS)
9791638,HYUNDAI MIPO 8156,73000,Vehicles Carrier,2020,Bahamas (BHS)
9789271,HYUNDAI MIPO 8222,71000,Vehicles Carrier,2025,Marshall Islands (MHL)
9789283,HYUNDAI MIPO 8223,71000,Vehicles Carrier,2025,Marshall Islands (MHL)
9889708,HYUNDAI MIPO 8256,50000,Ro-Ro Cargo Ship,2021,Malta (MLT)
9889710,HYUNDAI MIPO 8257,50000,Ro-Ro Cargo Ship,2022,Malta (MLT)
9827243,IGUAZU HIGHWAY,75528,Vehicles Carrier,2018,Panama (PAN)
9573098,ILSHIN POLARIS ROYAL,12487,Ro-Ro Cargo Ship,2011,Korea (Republic of) (KOR)
9394454,ILSHIN PRINCESS,5566,Ro-Ro Cargo Ship,2006,Korea (Republic of) (KOR)
9496862,ILSHIN PRINCESS ROYAL,5591,Ro-Ro Cargo Ship,2010,Korea (Republic of) (KOR)
9272888,INDIANA HIGHWAY,55457,Vehicles Carrier,2003,Japan (JPN)
9280407,INQUEBRANTABLE,1773,Ro-Ro Cargo Ship,2004,Paraguay (PRY)
9515474,IRIS ACE,43709,Vehicles Carrier,2011,Cayman Islands (CYM)
9748019,IRIS LEADER,70826,Vehicles Carrier,2015,Panama (PAN)
9195145,ISAR HIGHWAY,9233,Vehicles Carrier,2000,Cyprus (CYP)
9318503,ISTRA ACE,41000,Vehicles Carrier,2007,Bahamas (BHS)
9277838,IVORY ARROW,57718,Vehicles Carrier,2004,Bahamas (BHS)
9846213,IZUMI MARU,13038,Ro-Ro Cargo Ship,2019,Japan (JPN)
9267912,JASPER ARROW,57692,Vehicles Carrier,2005,Bahamas (BHS)
9233167,JEAN ANNE,37548,Vehicles Carrier,2005,United States of America (USA)
9540314,JFE MERCURY,14426,Ro-Ro Cargo Ship,2008,Japan (JPN)
9809409,JFE VENUS,9378,Ro-Ro Cargo Ship,2018,Japan (JPN)
9881299,JIANGNAN H2663,35660,Vehicles Carrier,2021,Norway (NIS) (NIS)
9881304,JIANGNAN H2664,35660,Vehicles Carrier,2021,Norway (NIS) (NIS)
9895812,JIANGNAN H2665,35660,Vehicles Carrier,2021,Norway (NIS) (NIS)
8526921,JIN RONG 15,1598,Ro-Ro Cargo Ship,2017,China Peoples's Republic (CHN)
9668960,JOLLY COBALTO,51055,Ro-Ro Cargo Ship,2015,Italy (ITA)
9578971,JOLLY CRISTALLO,50722,Ro-Ro Cargo Ship,2012,Italy (ITA)
9578957,JOLLY DIAMANTE,50720,Ro-Ro Cargo Ship,2011,Italy (ITA)
9668984,JOLLY PALLADIO,51055,Ro-Ro Cargo Ship,2015,Italy (ITA)
9578969,JOLLY PERLA,50722,Ro-Ro Cargo Ship,2012,Italy (ITA)
9578983,JOLLY QUARZO,50722,Ro-Ro Cargo Ship,2013,Italy (ITA)
9547219,JOLLY TITANIO,51055,Ro-Ro Cargo Ship,2014,Italy (ITA)
9668972,JOLLY VANADIO,51055,Ro-Ro Cargo Ship,2015,Italy (ITA)
9399325,JOSE MARIA ENTRECANALES,30998,Ro-Ro Cargo Ship,2010,Spain (ESP)
9258662,JULIETA S,615,Ro-Ro Cargo Ship,2001,Chile (CHL)
9402756,JUPITER LEADER,44412,Vehicles Carrier,2008,Panama (PAN)
9509401,JUPITER SPIRIT,45961,Vehicles Carrier,2011,Liberia (LBR)
9395355,JUTLANDIA SEA,25609,Ro-Ro Cargo Ship,2010,United Kingdom (GBR)
9221255,K LINE 3,4252,Ro-Ro Cargo Ship,2000,Korea (Republic of) (KOR)
9846172,KAI-OH MARU,13633,Ro-Ro Cargo Ship,2019,Japan (JPN)
9277888,KAMIKAWA MARU,13018,Vehicles Carrier,2002,Japan (JPN)
9782077,KAMIKITA MARU,12430,Ro-Ro Cargo Ship,2017,Japan (JPN)
9503756,KAPTANIDERYA-2,977,Ro-Ro Cargo Ship,2004,Turkey (TUR)
9297814,KARABAKH,8547,Ro-Ro Cargo Ship,2005,Azerbaijan (AZE)
9276339,KARIYUSHI,9952,Ro-Ro Cargo Ship,2002,Japan (JPN)
9403217,KARIYUSHI LEADER,51888,Vehicles Carrier,2008,Japan (JPN)
9372339,KINUURA MARU,12691,Vehicles Carrier,2007,Japan (JPN)
9279604,KOYO MARU,4238,Vehicles Carrier,2003,Japan (JPN)
9307360,KRAFTCA,28289,Ro-Ro Cargo Ship,2006,Netherlands (NLD)
9510747,KUGELBAKE,1868,Ro-Ro Cargo Ship,2009,Germany (DEU)
9642576,KVITNOS,9132,Ro-Ro Cargo Ship,2015,Faroe Islands (FRO)
9715153,KWANGYANG FRONTIER,9751,Ro-Ro Cargo Ship,2015,Panama (PAN)
9652246,KYORAMUN,2502,Ro-Ro Cargo Ship,2013,Japan (JPN)
9198719,LA SURPRISE,15224,Vehicles Carrier,2000,Portugal (MAR) (PMD)
9369863,LADY KATHREINA,276,Ro-Ro Cargo Ship,2005,Not Known
9161003,LADY R,7260,Ro-Ro Cargo Ship,2004,Russia (RUS)
9432919,LAKE COMO,47168,Vehicles Carrier,2009,Singapore (SGP)
9494905,LAKE FUXIAN,60387,Vehicles Carrier,2009,Liberia (LBR)
9713882,LAKE GENEVA,59516,Vehicles Carrier,2015,Liberia (LBR)
9308792,LAKE KIVU,46800,Vehicles Carrier,2006,Liberia (LBR)
9325178,LAKE SUPERIOR,46800,Vehicles Carrier,2007,Liberia (LBR)
9289908,LAKE TAUPO,46800,Vehicles Carrier,2006,Liberia (LBR)
9432892,LAKE WANAKA,46800,Vehicles Carrier,2008,Liberia (LBR)
9361809,LAPIS ARROW,41000,Vehicles Carrier,2006,Bahamas (BHS)
9515486,LAURA III,1691,Ro-Ro Cargo Ship,2009,France (FRA)
9823352,LAURELINE,50443,Ro-Ro Cargo Ship,2019,Malta (MLT)
9363948,LAVENDER ACE,60065,Vehicles Carrier,2008,Panama (PAN)
8649826,LCT 88,988,Ro-Ro Cargo Ship,2010,Philippines (PHL)
9442122,LE MANS EXPRESS,36711,Vehicles Carrier,2010,Gibraltar (GIB)
9869954,LEEVSTEN,32887,Ro-Ro Cargo Ship,2019,Malta (MLT)
9376610,LEGEND II,488,Ro-Ro Cargo Ship,2006,Panama (PAN)
9246504,L'EMERAUDE,961,Ro-Ro Cargo Ship,2001,Togo (TGO)
9620695,LEO SPIRIT,60825,Vehicles Carrier,2012,Panama (PAN)
8529753,LEW TIDE,269,Ro-Ro Cargo Ship,2004,Dominica (DMA)
9310109,LIBERTY,61321,Vehicles Carrier,2006,United States of America (USA)
9293650,LIBERTY ACE,59992,Vehicles Carrier,2004,Japan (JPN)
9777888,LIBERTY PASSION,58107,Vehicles Carrier,2017,United States of America (USA)
9777890,LIBERTY PEACE,58107,Vehicles Carrier,2017,United States of America (USA)
9448114,LIBERTY PRIDE,57030,Vehicles Carrier,2009,United States of America (USA)
9448425,LIBERTY PROMISE,57030,Vehicles Carrier,2010,United States of America (USA)
9869966,LIEKUT,32887,Ro-Ro Cargo Ship,2020,Malta (MLT)
9561605,LIGULAO,10469,Vehicles Carrier,2010,Panama (PAN)
9362267,LONDON HIGHWAY,55600,Vehicles Carrier,2006,Panama (PAN)
9367578,LORD VISHNU,51917,Vehicles Carrier,2008,Singapore (SGP)
9138795,LPV,21104,Ro-Ro Cargo Ship,2004,Marshall Islands (MHL)
9372315,LUNA SPIRIT,43810,Vehicles Carrier,2007,Panama (PAN)
9782091,LYDDEN,72684,Vehicles Carrier,2018,Liberia (LBR)
9284752,LYRA LEADER,62623,Vehicles Carrier,2005,Japan (JPN)
9259496,MAGNOLIA SEAWAYS,32523,Ro-Ro Cargo Ship,2003,Denmark (DIS) (DIS)
9235426,MAKASSAR HIGHWAY,17735,Vehicles Carrier,2001,Panama (PAN)
9235414,MALACCA HIGHWAY,17735,Vehicles Carrier,2001,Panama (PAN)
9446477,MALAYSIA BRAVE,43810,Vehicles Carrier,2008,Malaysia (MYS)
9446489,MALAYSIA PASSION,43810,Vehicles Carrier,2009,Malaysia (MYS)
9426386,MARGUERITE ACE,60067,Vehicles Carrier,2009,Panama (PAN)
9848479,MARIA GRAZIA ONORATO,32936,Ro-Ro Cargo Ship,2019,Italy (ITA)
9806196,MARIMO,11229,Ro-Ro Cargo Ship,2018,Japan (JPN)
9601819,MARINE LINER,1434,Ro-Ro Cargo Ship,2011,Japan (JPN)
9619684,MARJORIE C,47279,Ro-Ro Cargo Ship,2015,United States of America (USA)
9267675,MARTORELL,57789,Vehicles Carrier,2003,Panama (PAN)
9293519,MARVELOUS ACE,59422,Vehicles Carrier,2006,Panama (PAN)
9806201,MASHU,11229,Ro-Ro Cargo Ship,2018,Japan (JPN)
9234094,MASSIMO MURA,23235,Ro-Ro Cargo Ship,2003,Italy (ITA)
9376696,MAZARINE,31340,Ro-Ro Cargo Ship,2009,Malta (MLT)
9250220,MEDITERRANEAN HIGHWAY,55493,Vehicles Carrier,2002,Panama (PAN)
9451006,MEDITERRANEAN SEA,46800,Vehicles Carrier,2010,Marshall Islands (MHL)
9809112,MELEQ,32770,Ro-Ro Cargo Ship,2017,Malta (MLT)
9591052,MERCURY ACE,59409,Vehicles Carrier,2011,Panama (PAN)
9392353,MERCURY LEADER,42175,Vehicles Carrier,2010,Japan (JPN)
9209518,MERIDIAN ACE,56175,Vehicles Carrier,2000,Japan (JPN)
9561289,MERMAID ACE,58939,Vehicles Carrier,2010,Panama (PAN)
9650743,METIS LEADER,59550,Vehicles Carrier,2013,Panama (PAN)
9138800,MEXICO STAR,21171,Ro-Ro Cargo Ship,2004,Mexico (MEX)
9339832,MICHIGAN HIGHWAY,56951,Vehicles Carrier,2008,Japan (JPN)
9232278,MIDNIGHT SUN,65314,Ro-Ro Cargo Ship,2003,United States of America (USA)
9310795,MINDORO,10373,Vehicles Carrier,2004,Panama (PAN)
9293521,MIRACULOUS ACE,59422,Vehicles Carrier,2006,Cayman Islands (CYM)
9348936,MISANA,15586,Ro-Ro Cargo Ship,2007,Finland (FIN)
9348948,MISIDA,15586,Ro-Ro Cargo Ship,2007,Finland (FIN)
9912581,MIURA 1627,2565,Ro-Ro Cargo Ship,2021,Japan (JPN)
9580338,MIYARABI II,22633,Ro-Ro Cargo Ship,2010,Japan (JPN)
9799977,ML FREYJA,24133,Ro-Ro Cargo Ship,2017,Italy (ITA)
9642394,MN CALAO,23673,Ro-Ro Cargo Ship,2013,France (RIF) (FIS)
9207390,MN COLIBRI,9141,Ro-Ro Cargo Ship,2000,France (RIF) (FIS)
9642409,MN TANGARA,23673,Ro-Ro Cargo Ship,2013,France (RIF) (FIS)
9687306,MOBILE EXPRESS,21801,Ro-Ro Cargo Ship,2014,Italy (ITA)
9231688,MODERN EXPRESS,33831,Vehicles Carrier,2001,Panama (PAN)
9188829,MODERN LINK,33831,Vehicles Carrier,2000,Panama (PAN)
9832573,MONOCEROS LEADER,70497,Vehicles Carrier,2018,Panama (PAN)
9358888,MONZA,40628,Vehicles Carrier,2008,Liberia (LBR)
9451719,MONZA EXPRESS,36711,Vehicles Carrier,2009,Gibraltar (GIB)
9285615,MORNING CALM,57692,Vehicles Carrier,2004,Bahamas (BHS)
9638460,MORNING CALYPSO,59432,Vehicles Carrier,2013,Panama (PAN)
9477919,MORNING CAMILLA,60876,Vehicles Carrier,2009,Panama (PAN)
9663295,MORNING CAPO,59615,Vehicles Carrier,2013,Marshall Islands (MHL)
9574092,MORNING CARA,59454,Vehicles Carrier,2011,Panama (PAN)
9338709,MORNING CARINA,60876,Vehicles Carrier,2007,Panama (PAN)
9336086,MORNING CAROL,57542,Vehicles Carrier,2008,Bahamas (BHS)
9338723,MORNING CAROLINE,60876,Vehicles Carrier,2008,Panama (PAN)
9338711,MORNING CATHERINE,60876,Vehicles Carrier,2008,Panama (PAN)
9477830,MORNING CECILIE,60876,Vehicles Carrier,2008,Panama (PAN)
9336062,MORNING CELESTA,57542,Vehicles Carrier,2008,Bahamas (BHS)
9519133,MORNING CELINE,60931,Vehicles Carrier,2009,Panama (PAN)
9329461,MORNING CELLO,57542,Vehicles Carrier,2007,Panama (PAN)
9285627,MORNING CHAMPION,57692,Vehicles Carrier,2005,Bahamas (BHS)
9663300,MORNING CHANT,59615,Vehicles Carrier,2014,Marshall Islands (MHL)
9338694,MORNING CHARLOTTE,60876,Vehicles Carrier,2007,Panama (PAN)
9675585,MORNING CHERRY,59525,Vehicles Carrier,2014,Panama (PAN)
9312834,MORNING CHORUS,57536,Vehicles Carrier,2007,Singapore (SGP)
9574054,MORNING CHRISTINA,59454,Vehicles Carrier,2010,Panama (PAN)
9633185,MORNING CINDY,59432,Vehicles Carrier,2012,Panama (PAN)
9620683,MORNING CLAIRE,60928,Vehicles Carrier,2012,Panama (PAN)
9460887,MORNING CLARA,60213,Vehicles Carrier,2009,Singapore (SGP)
9336074,MORNING COMPOSER,57542,Vehicles Carrier,2008,Panama (PAN)
9312822,MORNING CONCERT,57415,Vehicles Carrier,2006,Malta (MLT)
9336050,MORNING CONDUCTOR,57542,Vehicles Carrier,2008,Panama (PAN)
9519145,MORNING CORNELIA,61002,Vehicles Carrier,2010,Panama (PAN)
9329473,MORNING CORNET,57542,Vehicles Carrier,2007,Liberia (LBR)
9285639,MORNING COURIER,57692,Vehicles Carrier,2005,Bahamas (BHS)
9285641,MORNING CROWN,57692,Vehicles Carrier,2005,Bahamas (BHS)
9574080,MORNING CRYSTAL,59524,Vehicles Carrier,2011,Panama (PAN)
9445980,MORNING LADY,70687,Vehicles Carrier,2010,Panama (PAN)
9445992,MORNING LAURA,70687,Vehicles Carrier,2010,Panama (PAN)
9446001,MORNING LENA,70687,Vehicles Carrier,2010,Panama (PAN)
9446013,MORNING LILY,70687,Vehicles Carrier,2011,Panama (PAN)
9383106,MORNING LINDA,68701,Vehicles Carrier,2008,Panama (PAN)
9383417,MORNING LISA,68701,Vehicles Carrier,2008,Panama (PAN)
9383431,MORNING LUCY,68701,Vehicles Carrier,2009,Panama (PAN)
9383429,MORNING LYNN,68701,Vehicles Carrier,2009,Panama (PAN)
9367580,MORNING MARGARETA,51917,Vehicles Carrier,2008,Singapore (SGP)
9318515,MORNING MENAD,41192,Vehicles Carrier,2007,Korea (Republic of) (KOR)
9289910,MORNING MIDAS,46800,Vehicles Carrier,2006,United Kingdom (GBR)
9367592,MORNING NINNI,51917,Vehicles Carrier,2008,Singapore (SGP)
9780627,MORNING PEACE,66802,Vehicles Carrier,2017,Marshall Islands (MHL)
9669031,MORNING PILOT,65276,Vehicles Carrier,2014,Marshall Islands (MHL)
9669029,MORNING POST,65276,Vehicles Carrier,2014,Marshall Islands (MHL)
9681431,MORNING PRIDE,65424,Vehicles Carrier,2014,Marshall Islands (MHL)
9780639,MORNING PROSPERITY,66802,Vehicles Carrier,2017,Marshall Islands (MHL)
9177052,MOSEL ACE,37237,Vehicles Carrier,2000,Liberia (LBR)
9453298,MSC CRISTIANA,59835,Vehicles Carrier,2011,Panama (PAN)
9463205,MSC IMMACOLATA,59835,Vehicles Carrier,2012,Panama (PAN)
9288318,MUSASHI MARU,13927,Ro-Ro Cargo Ship,2003,Japan (JPN)
8980488,MUTIARA FERINDO III,994,Ro-Ro Cargo Ship,2002,Indonesia (IDN)
9422122,MYRA SEAWAYS,34236,Ro-Ro Cargo Ship,2009,Turkey (TUR)
9731652,NABUCCO,73358,Vehicles Carrier,2020,Malta (MLT)
9866512,NAIKAI INNOSHIMA 808,14300,Ro-Ro Cargo Ship,2020,Japan (JPN)
9902562,NAIKAI INNOSHIMA 819,12500,Ro-Ro Cargo Ship,2021,Japan (JPN)
9902574,NAIKAI INNOSHIMA 820,12500,Ro-Ro Cargo Ship,2021,Japan (JPN)
9421518,NAM TRIEU PCTC6900-NT01,59800,Vehicles Carrier,2019,Vietnam (VNM)
9584059,NEPTUNE ACE,59006,Vehicles Carrier,2010,Bahamas (BHS)
9240964,NEPTUNE AEGLI,21611,Vehicles Carrier,2002,Malta (MLT)
9240976,NEPTUNE DYNAMIS,21611,Vehicles Carrier,2002,Malta (MLT)
9668491,NEPTUNE GALENE,37692,Vehicles Carrier,2014,Greece (GRC)
9440148,NEPTUNE HELLAS,36711,Vehicles Carrier,2009,Malta (MLT)
9451721,NEPTUNE HORIZON,36711,Vehicles Carrier,2010,Malta (MLT)
9440100,NEPTUNE ILIAD,36902,Vehicles Carrier,2010,Malta (MLT)
9440083,NEPTUNE ITHAKI,36902,Vehicles Carrier,2010,Malta (MLT)
9438717,NEPTUNE KEFALONIA,36902,Vehicles Carrier,2009,Malta (MLT)
9402744,NEPTUNE LEADER,44412,Vehicles Carrier,2008,Panama (PAN)
9440095,NEPTUNE ODYSSEY,36902,Vehicles Carrier,2010,Malta (MLT)
9306706,NEPTUNE OKEANIS,27788,Vehicles Carrier,2005,Malta (MLT)
9668506,NEPTUNE THALASSA,37692,Vehicles Carrier,2014,Malta (MLT)
9306718,NEPTUNE THELISIS,27788,Vehicles Carrier,2006,Malta (MLT)
9229398,NEW CENTURY 1,52863,Vehicles Carrier,2001,Panama (PAN)
9229403,NEW CENTURY 2,52863,Vehicles Carrier,2001,Liberia (LBR)
9832638,NIAGARA HIGHWAY,75528,Vehicles Carrier,2019,Panama (PAN)
9805893,NICHIHARU MARU,6249,Ro-Ro Cargo Ship,2018,Japan (JPN)
9609184,NICHIOH MARU,11514,Vehicles Carrier,2012,Japan (JPN)
9846201,NICHIYU MARU,10083,Ro-Ro Cargo Ship,2019,Japan (JPN)
8980579,NIKKO,1325,Ro-Ro Cargo Ship,2003,Japan (JPN)
9816402,NIRAIKANAI II,11687,Ro-Ro Cargo Ship,2017,Japan (JPN)
9609196,NISSEI MARU,11483,Vehicles Carrier,2013,Japan (JPN)
9781633,NISSHO MARU,10109,Ro-Ro Cargo Ship,2017,Japan (JPN)
9493365,NOBLE ACE,59515,Vehicles Carrier,2011,United Kingdom (GBR)
9430519,NOCC ATLANTIC,60868,Vehicles Carrier,2009,Norway (NIS) (NIS)
9279812,NOCC KATTEGAT,44408,Vehicles Carrier,2004,Marshall Islands (MHL)
9624029,NOCC OCEANIC,58250,Vehicles Carrier,2012,Marshall Islands (MHL)
9208435,NOLHAN AVA,4758,Ro-Ro Cargo Ship,2000,Canada (CAN)
9386225,NORDIC ACE,23498,Vehicles Carrier,2007,Bahamas (BHS)
9232280,NORTH STAR,65314,Ro-Ro Cargo Ship,2003,United States of America (USA)
9392339,NORTHERN HIGHWAY,39422,Vehicles Carrier,2009,Marshall Islands (MHL)
9377509,OBERON,71673,Vehicles Carrier,2008,Sweden (SWE)
9205988,OCEAN HIGHWAY,49212,Vehicles Carrier,2000,Panama (PAN)
9457218,OCEAN TRADER,29429,Ro-Ro Cargo Ship,2011,United States of America (USA)
9649718,OCEANEX CONNAIGRA,26786,Ro-Ro Cargo Ship,2013,Canada (CAN)
9553488,OCEANUS LEADER,62838,Vehicles Carrier,2013,Panama (PAN)
9757993,OLYMPIAN HIGHWAY,75185,Vehicles Carrier,2017,Japan (JPN)
9242390,OLYMPOS SEAWAYS,26525,Ro-Ro Cargo Ship,2002,Turkey (TUR)
9890525,ONOMICHI 775,11900,Ro-Ro Cargo Ship,2021,Japan (JPN)
9539212,ONYX ACE,60131,Vehicles Carrier,2012,Liberia (LBR)
9267924,ONYX ARROW,57692,Vehicles Carrier,2006,Bahamas (BHS)
9539183,OPAL ACE,60131,Vehicles Carrier,2011,Cayman Islands (CYM)
9318498,OPAL LEADER,40986,Vehicles Carrier,2007,Bahamas (BHS)
9424869,OPALINE,33960,Ro-Ro Cargo Ship,2010,Malta (MLT)
9331206,OPDR ANDALUCIA,11197,Ro-Ro Cargo Ship,2007,Spain (ESP)
9331191,OPDR CANARIAS,11197,Ro-Ro Cargo Ship,2006,Spain (ESP)
9232797,ORANJEBORG,18289,Ro-Ro Cargo Ship,2004,Netherlands (NLD)
9777814,ORCA ACE,63116,Vehicles Carrier,2018,Panama (PAN)
9381677,ORCHID ACE,59262,Vehicles Carrier,2008,Japan (JPN)
9381665,OREGON HIGHWAY,57147,Vehicles Carrier,2007,Panama (PAN)
9728071,ORION HIGHWAY,76299,Vehicles Carrier,2016,Panama (PAN)
9206023,PACIFIC HIGHWAY,48039,Vehicles Carrier,2000,Panama (PAN)
9427926,PAGANELLA,47020,Vehicles Carrier,2009,Gibraltar (GIB)
9427940,PAGLIA,47057,Vehicles Carrier,2010,Gibraltar (GIB)
9427952,PAGNA,47057,Vehicles Carrier,2010,Gibraltar (GIB)
9376701,PALATINE,31340,Ro-Ro Cargo Ship,2009,Malta (MLT)
9207388,PALMELA,55926,Vehicles Carrier,2000,Panama (PAN)
9248227,PANSTAR GENIE,13682,Ro-Ro Cargo Ship,2001,Korea (Republic of) (KOR)
9251016,PANSTAR GENIE NO. 2,13681,Ro-Ro Cargo Ship,2001,Korea (Republic of) (KOR)
9457206,PAQIZE,29429,Ro-Ro Cargo Ship,2010,Turkey (TUR)
9293648,PARADISE ACE,60175,Vehicles Carrier,2004,Panama (PAN)
9427964,PARANA,47053,Vehicles Carrier,2012,Germany (DEU)
9515395,PARSIFAL,75251,Vehicles Carrier,2011,Singapore (SGP)
9491874,PASSAMA,47053,Vehicles Carrier,2012,Gibraltar (GIB)
9491886,PASSERO,47053,Vehicles Carrier,2012,Germany (DEU)
9491898,PATARA,47053,Vehicles Carrier,2012,Germany (DEU)
9502427,PATHFINDER,51917,Vehicles Carrier,2010,Panama (PAN)
9316139,PATRIOT,60979,Vehicles Carrier,2006,United States of America (USA)
9324473,PAULINE,49166,Ro-Ro Cargo Ship,2006,Malta (MLT)
9376725,PEREGRINE,25593,Ro-Ro Cargo Ship,2010,Malta (MLT)
9506277,PERGAMON SEAWAYS,31595,Ro-Ro Cargo Ship,2013,Turkey (TUR)
9259501,PETUNIA SEAWAYS,32523,Ro-Ro Cargo Ship,2004,Denmark (DIS) (DIS)
9266920,PHOENIX,10050,Ro-Ro Cargo Ship,2002,Japan (JPN)
9283875,PHOENIX LEADER,61804,Vehicles Carrier,2004,Panama (PAN)
9358072,PINKY 325,6470,Ro-Ro Cargo Ship,2011,Bahamas (BHS)
9358084,PINKY 326,6470,Ro-Ro Cargo Ship,2014,Norway (NIS) (NIS)
9805881,PIONEER A,6249,Ro-Ro Cargo Ship,2018,Japan (JPN)
9676876,PISCES LEADER,69931,Vehicles Carrier,2014,Panama (PAN)
9210438,PLATINUM RAY,57772,Vehicles Carrier,2000,Bahamas (BHS)
9426374,PLEIADES LEADER,62994,Vehicles Carrier,2009,Japan (JPN)
9409326,PLEIADES SPIRIT,60330,Vehicles Carrier,2008,Panama (PAN)
9338890,PLUTO LEADER,41886,Vehicles Carrier,2009,Panama (PAN)
9345398,PLYCA,28289,Ro-Ro Cargo Ship,2009,Netherlands (NLD)
9728095,POLARIS HIGHWAY,76299,Vehicles Carrier,2017,Panama (PAN)
9372810,POLARIS LEADER,51917,Vehicles Carrier,2009,Singapore (SGP)
9409338,PORGY,58752,Vehicles Carrier,2009,Panama (PAN)
9335965,POSEIDON LEADER,63001,Vehicles Carrier,2007,Japan (JPN)
9340776,POSITIVE LEADER,43810,Vehicles Carrier,2006,Panama (PAN)
9304514,POSITIVE PIONEER,43810,Vehicles Carrier,2005,Panama (PAN)
9304502,POSITIVE STAR,43810,Vehicles Carrier,2004,Panama (PAN)
9554200,PRECIOUS ACE,59402,Vehicles Carrier,2010,Japan (JPN)
9213454,PRESTIGE ACE,55878,Vehicles Carrier,2000,Panama (PAN)
9610444,PRIME ACE,59007,Vehicles Carrier,2014,Panama (PAN)
9355185,PRIMROSE ACE,59952,Vehicles Carrier,2007,Liberia (LBR)
9259513,PRIMULA SEAWAYS,37985,Ro-Ro Cargo Ship,2004,Denmark (DIS) (DIS)
9207754,PROCYON LEADER,53645,Vehicles Carrier,2000,Japan (JPN)
9267687,PROGRESS ACE,57789,Vehicles Carrier,2003,Panama (PAN)
9338888,PROMETHEUS LEADER,41886,Vehicles Carrier,2008,Singapore (SGP)
9267699,PROMINENT ACE,57789,Vehicles Carrier,2004,Panama (PAN)
9561617,PULAU TIOMAN,10456,Vehicles Carrier,2011,Panama (PAN)
9345386,PULPCA,28289,Ro-Ro Cargo Ship,2008,Netherlands (NLD)
9284738,PYXIS LEADER,62195,Vehicles Carrier,2004,Panama (PAN)
9457189,QEZBAN,29004,Ro-Ro Cargo Ship,2010,Turkey (TUR)
9277802,RCC AMERICA,57718,Vehicles Carrier,2003,Bahamas (BHS)
9391581,RCC ASIA,57692,Vehicles Carrier,2009,Bahamas (BHS)
9441609,RCC CLASSIC,58767,Vehicles Carrier,2013,Bahamas (BHS)
9441611,RCC COMPASS,58767,Vehicles Carrier,2013,Bahamas (BHS)
9391593,RCC EUROPE,57692,Vehicles Carrier,2009,Bahamas (BHS)
9453107,RCC PASSION,36834,Vehicles Carrier,2011,Bahamas (BHS)
9455715,RCC PRESTIGE,36834,Vehicles Carrier,2011,Bahamas (BHS)
9361823,RCC SHANGHAI,41009,Vehicles Carrier,2008,Bahamas (BHS)
9361835,RCC TIANJIN,41009,Vehicles Carrier,2008,Bahamas (BHS)
9847645,RED KESTREL,1102,Ro-Ro Cargo Ship,2019,United Kingdom (GBR)
9246499,REEM MAY,691,Ro-Ro Cargo Ship,2001,United Arab Emirates (ARE)
9355214,RHEA LEADER,63004,Vehicles Carrier,2008,Japan (JPN)
9604940,RIGEL LEADER,59694,Vehicles Carrier,2012,Panama (PAN)
9325427,ROCKIES HIGHWAY,44364,Vehicles Carrier,2006,Panama (PAN)
9706592,ROSA DEI VENTI,23937,Ro-Ro Cargo Ship,2018,Italy (ITA)
9517666,ROTRAVENTE,7702,Ro-Ro Cargo Ship,2016,Netherlands (NLD)
9476757,RUBY ACE,60148,Vehicles Carrier,2010,Cayman Islands (CYM)
9276925,RYOEI MARU,2053,Ro-Ro Cargo Ship,2003,Japan (JPN)
9711066,RYUKYU EXPRESS 2,10758,Ro-Ro Cargo Ship,2014,Japan (JPN)
9747742,RYUKYU EXPRESS 3,10034,Ro-Ro Cargo Ship,2015,Japan (JPN)
9810721,RYUKYU EXPRESS 5,10034,Ro-Ro Cargo Ship,2017,Japan (JPN)
9238246,RYUKYU EXPRESS 6,10329,Vehicles Carrier,2001,Japan (JPN)
9283887,SAGITTARIUS LEADER,61804,Vehicles Carrier,2005,Panama (PAN)
9190858,SAIC ANJI PHOENIX,37237,Vehicles Carrier,2000,"Hong Kong, China (HKG)"
9546875,SALAMANDRA,2800,Ro-Ro Cargo Ship,2009,Not Known
9515412,SALOME,75251,Vehicles Carrier,2012,Singapore (SGP)
9338876,SALVIA ACE,42401,Vehicles Carrier,2008,Cayman Islands (CYM)
9430521,SAMJIN 2002,60000,Vehicles Carrier,2011,Not Known
9642564,SAMSKIP KVITBJORN,9132,Ro-Ro Cargo Ship,2015,Faroe Islands (FRO)
9186637,SAN JORGE,13073,Ro-Ro Cargo Ship,2000,Mexico (MEX)
9409481,SANDERLING ACE,58685,Vehicles Carrier,2007,Marshall Islands (MHL)
9832561,SARA LEADER,70497,Vehicles Carrier,2018,Panama (PAN)
9864681,SCANDIA SEAWAYS,60500,Ro-Ro Cargo Ship,2020,Denmark (DIS) (DIS)
9328728,SEA HELLINIS,45232,Vehicles Carrier,2005,Panama (PAN)
9358060,SEA-CARGO EXPRESS,6693,Ro-Ro Cargo Ship,2012,Malta (MLT)
9461219,SEACARGO INNOVATION,7695,Ro-Ro Cargo Ship,2021,Cyprus (CYP)
9745794,SEAROAD MERSEY II,25409,Ro-Ro Cargo Ship,2016,Australia (AUS)
9764233,SEASPAN RELIANT,4810,Ro-Ro Cargo Ship,2016,Canada (CAN)
9764221,SEASPAN SWIFT,4810,Ro-Ro Cargo Ship,2016,Canada (CAN)
9233894,SEATRAN FERRY 10,2241,Vehicles Carrier,2001,Thailand (THA)
9350678,SEATRUCK PACE,14759,Ro-Ro Cargo Ship,2009,Cyprus (CYP)
9372676,SEATRUCK PANORAMA,14759,Ro-Ro Cargo Ship,2008,Cyprus (CYP)
9506227,SEATRUCK PERFORMANCE,19722,Ro-Ro Cargo Ship,2012,Isle of Man (IMN)
9506215,SEATRUCK POWER,19722,Ro-Ro Cargo Ship,2012,Isle of Man (IMN)
9506239,SEATRUCK PRECISION,19722,Ro-Ro Cargo Ship,2012,Isle of Man (IMN)
9506203,SEATRUCK PROGRESS,19722,Ro-Ro Cargo Ship,2011,Isle of Man (IMN)
9434321,SEBRING EXPRESS,43810,Vehicles Carrier,2009,Panama (PAN)
9316311,SEINE HIGHWAY,23498,Vehicles Carrier,2007,Bahamas (BHS)
9336933,SEIWA MARU,15781,Vehicles Carrier,2006,Japan (JPN)
9498597,SELENE LEADER,59499,Vehicles Carrier,2010,Japan (JPN)
9240653,SENSHO,744,Ro-Ro Cargo Ship,2000,Japan (JPN)
9391579,SERENITY ACE,57692,Vehicles Carrier,2008,Bahamas (BHS)
9323780,SETTLER,44382,Vehicles Carrier,2005,Panama (PAN)
9238521,SEVEN SEAS HIGHWAY,55493,Vehicles Carrier,2001,Panama (PAN)
9539078,SEVERINE,16342,Ro-Ro Cargo Ship,2012,Malta (MLT)
9293909,SFL CONDUCTOR,60118,Vehicles Carrier,2006,Panama (PAN)
9297802,SHAHDAG,8547,Ro-Ro Cargo Ship,2005,Azerbaijan (AZE)
9294343,SHANGHAI HIGHWAY,48927,Vehicles Carrier,2005,Panama (PAN)
8334122,SHENG YI 588,1347,Ro-Ro Cargo Ship,2002,Not Known
9778040,SHI HAI,19781,Vehicles Carrier,2016,China Peoples's Republic (CHN)
9757620,SHI JIANG,19781,Vehicles Carrier,2016,China Peoples's Republic (CHN)
9778052,SHI YANG,19781,Vehicles Carrier,2017,China Peoples's Republic (CHN)
9853204,SHIN JU MARU,14052,Ro-Ro Cargo Ship,2019,Japan (JPN)
9700275,SHIN KA MARU,16726,Ro-Ro Cargo Ship,2014,Japan (JPN)
9908396,SHIN KURUSHIMA AKITSU 6103,2999,Vehicles Carrier,2021,Japan (JPN)
9861861,SHIN KURUSHIMA TOYOHASHI 3735,73500,Vehicles Carrier,2020,Japan (JPN)
9889100,SHIN KURUSHIMA TOYOHASHI 3741,75600,Vehicles Carrier,2021,Panama (PAN)
9889112,SHIN KURUSHIMA TOYOHASHI 3742,75600,Vehicles Carrier,2021,Panama (PAN)
9906984,SHIN KURUSHIMA TOYOHASHI 3743,73500,Vehicles Carrier,2022,Japan (JPN)
9217113,SHIN SATSUMA,2557,Ro-Ro Cargo Ship,2000,Japan (JPN)
9866500,SHIN SEN MARU,14300,Ro-Ro Cargo Ship,2020,Japan (JPN)
9238935,SHIN ZUI MARU,13097,Ro-Ro Cargo Ship,2001,Japan (JPN)
9234185,SHINMEI MARU,13091,Ro-Ro Cargo Ship,2000,Japan (JPN)
9846196,SHIN-OH MARU,13620,Ro-Ro Cargo Ship,2020,Japan (JPN)
9257034,SHINSEN MARU,13089,Ro-Ro Cargo Ship,2002,Japan (JPN)
9801990,SHUREI II,11687,Ro-Ro Cargo Ship,2017,Japan (JPN)
9276274,SHURI,9813,Ro-Ro Cargo Ship,2002,Japan (JPN)
9841029,SIEM ARISTOTLE,60000,Vehicles Carrier,2020,Liberia (LBR)
9762534,SIEM CICERO,56677,Vehicles Carrier,2017,Liberia (LBR)
9841017,SIEM CONFUCIUS,72900,Vehicles Carrier,2020,Liberia (LBR)
9434319,SIEM CURIE,43810,Vehicles Carrier,2009,Liberia (LBR)
9427938,SIEM PLATO,47020,Vehicles Carrier,2009,Liberia (LBR)
9448140,SIEM SOCRATES,47090,Vehicles Carrier,2010,Liberia (LBR)
9325439,SIERRA NEVADA HIGHWAY,44364,Vehicles Carrier,2007,Panama (PAN)
9448138,SILVER MOON,47090,Vehicles Carrier,2010,Panama (PAN)
9775828,SILVER RAY,71178,Vehicles Carrier,2017,Marshall Islands (MHL)
9519092,SINCERITY ACE,59408,Vehicles Carrier,2009,Korea (Republic of) (KOR)
9757981,SIRIUS HIGHWAY,75044,Vehicles Carrier,2017,Marshall Islands (MHL)
9213806,SIRIUS LEADER,51496,Vehicles Carrier,2000,Singapore (SGP)
9831165,SIXTINE,50443,Ro-Ro Cargo Ship,2019,Malta (MLT)
9338632,SOUTHERN HIGHWAY,39065,Vehicles Carrier,2008,Japan (JPN)
9268710,SPARTA,8831,Ro-Ro Cargo Ship,2003,Russia (RUS)
9160994,SPARTA II,7260,Ro-Ro Cargo Ship,2000,Russia (RUS)
9536909,SPICA LEADER,41886,Vehicles Carrier,2012,Singapore (SGP)
9645396,SPIRIT OF MONTOIR,21966,Ro-Ro Cargo Ship,2016,Italy (ITA)
9252228,SPLENDID ACE,56556,Vehicles Carrier,2003,Japan (JPN)
9427550,SPRING SKY,25745,Vehicles Carrier,2010,"Hong Kong, China (HKG)"
9427562,SPRING WIND,25745,Vehicles Carrier,2010,"Hong Kong, China (HKG)"
9214678,STENA FORECASTER,24688,Ro-Ro Cargo Ship,2003,Denmark (DNK)
9227259,STENA FORERUNNER,24688,Ro-Ro Cargo Ship,2003,Netherlands (NLD)
9214666,STENA FORETELLER,24688,Ro-Ro Cargo Ship,2001,Denmark (DIS) (DIS)
8657457,STURAGO,130,Ro-Ro Cargo Ship,2008,Croatia (HRV)
9250000,SUAR VIGO,16361,Vehicles Carrier,2003,Spain (ESP)
9356749,SUMELA SEAWAYS,34236,Ro-Ro Cargo Ship,2008,Turkey (TUR)
9233246,SUNBELT SPIRIT,60587,Vehicles Carrier,2002,Marshall Islands (MHL)
9284219,SUNFLOWER HAKATA,10507,Ro-Ro Cargo Ship,2003,Japan (JPN)
9284221,SUNFLOWER TOKYO,10503,Ro-Ro Cargo Ship,2003,Japan (JPN)
9217606,SUNGWOO JEJU,14585,Ro-Ro Cargo Ship,2000,Korea (Republic of) (KOR)
9338864,SUNLIGHT ACE,58911,Vehicles Carrier,2009,Bahamas (BHS)
9338840,SUNRISE ACE,58685,Vehicles Carrier,2008,Bahamas (BHS)
9338852,SUNSHINE ACE,58917,Vehicles Carrier,2009,Bahamas (BHS)
9854600,SUOU,11675,Ro-Ro Cargo Ship,2019,Japan (JPN)
9398527,SUPER-FAST BALEARES,30998,Ro-Ro Cargo Ship,2010,Spain (ESP)
9610391,SUPREME ACE,59022,Vehicles Carrier,2011,Panama (PAN)
9752735,SUZUKA,2988,Vehicles Carrier,2015,Japan (JPN)
9448073,SUZUKA EXPRESS,43810,Vehicles Carrier,2010,Panama (PAN)
9338620,SWALLOW ACE,58685,Vehicles Carrier,2007,Bahamas (BHS)
9338826,SWAN ACE,58685,Vehicles Carrier,2008,Bahamas (BHS)
9338838,SWIFT ACE,58685,Vehicles Carrier,2008,Bahamas (BHS)
9875202,TADOTSU F035,73800,Vehicles Carrier,2020,Japan (JPN)
9311866,TAIPAN,57692,Vehicles Carrier,2006,Bahamas (BHS)
9213492,TAIPEI EXPRESS,18080,Ro-Ro Cargo Ship,2000,Taiwan (TWN)
9311854,TALIA,57692,Vehicles Carrier,2006,Bahamas (BHS)
9191319,TALISMAN,67140,Vehicles Carrier,2000,Norway (NIS) (NIS)
9218648,TAMERLANE,67140,Vehicles Carrier,2001,Norway (NIS) (NIS)
9191307,TAMESIS,67140,Vehicles Carrier,2000,Norway (NIS) (NIS)
9731640,TANNHAUSER,73358,Vehicles Carrier,2020,Sweden (SWE)
9191321,TARAGO,67140,Vehicles Carrier,2000,Norway (NIS) (NIS)
9327748,TARIFA,57692,Vehicles Carrier,2007,Bahamas (BHS)
9812468,TASMANIAN ACHIEVER II,28709,Ro-Ro Cargo Ship,2018,Australia (AUS)
9700550,TAURUS LEADER,69931,Vehicles Carrier,2015,Singapore (SGP)
9334959,TAVASTLAND,23128,Ro-Ro Cargo Ship,2006,Sweden (SWE)
9249984,TENERIFE CAR,13112,Vehicles Carrier,2002,Portugal (MAR) (PMD)
9846184,TEN-OH MARU,13624,Ro-Ro Cargo Ship,2019,Japan (JPN)
9272890,TEXAS HIGHWAY,55458,Vehicles Carrier,2003,Japan (JPN)
9411862,TFM-1,5775,Ro-Ro Cargo Ship,2007,Russia (RUS)
9702455,THALATTA,75283,Vehicles Carrier,2015,Malta (MLT)
9316294,THAMES HIGHWAY,23498,Vehicles Carrier,2005,Bahamas (BHS)
9722302,THEBEN,75283,Vehicles Carrier,2016,Singapore (SGP)
9722314,THEMIS,75283,Vehicles Carrier,2016,Singapore (SGP)
9553115,THEMIS LEADER,62380,Vehicles Carrier,2010,Japan (JPN)
9702443,THERMOPYLAE,75283,Vehicles Carrier,2015,Malta (MLT)
9782089,THRUXTON,72684,Vehicles Carrier,2018,Liberia (LBR)
9343261,THULELAND,23128,Ro-Ro Cargo Ship,2006,Sweden (SWE)
9877468,TIAN SAN CARRIER VII,435,Ro-Ro Cargo Ship,2019,Singapore (SGP)
9294355,TIANJIN HIGHWAY,48927,Vehicles Carrier,2005,Panama (PAN)
9505039,TIGER,74255,Vehicles Carrier,2011,Malta (MLT)
9377511,TIJUCA,71673,Vehicles Carrier,2008,Norway (NIS) (NIS)
9307358,TIMCA,28301,Ro-Ro Cargo Ship,2006,Netherlands (NLD)
9377523,TIRRANNA,71673,Vehicles Carrier,2009,Norway (NIS) (NIS)
9505053,TITANIA,74255,Vehicles Carrier,2011,Malta (MLT)
9700512,TITUS,73358,Vehicles Carrier,2018,Malta (MLT)
9477725,TOCHO,28755,Vehicles Carrier,2010,Singapore (SGP)
9280550,TOKACHI,9858,Ro-Ro Cargo Ship,2002,Japan (JPN)
9432907,TOKYO CAR,46800,Vehicles Carrier,2008,Liberia (LBR)
9293624,TOLEDO,61482,Vehicles Carrier,2005,Malta (MLT)
9375264,TOMAR,61328,Vehicles Carrier,2008,Malta (MLT)
9319753,TOMBARRA,61321,Vehicles Carrier,2006,Malta (MLT)
9605786,TONGALA,61106,Vehicles Carrier,2012,Malta (MLT)
9515383,TONSBERG,75251,Vehicles Carrier,2011,Malta (MLT)
9375288,TOREADOR,61328,Vehicles Carrier,2008,Malta (MLT)
9398321,TORINO,61328,Vehicles Carrier,2009,Malta (MLT)
9302205,TORONTO,61482,Vehicles Carrier,2005,Malta (MLT)
9293612,TORRENS,61482,Vehicles Carrier,2004,Malta (MLT)
9319765,TORTUGAS,61321,Vehicles Carrier,2006,Malta (MLT)
9605798,TOSCA,61106,Vehicles Carrier,2013,Singapore (SGP)
9398333,TOSCANA,61328,Vehicles Carrier,2009,Malta (MLT)
9496393,TOYO MARU NO. 2,4898,Vehicles Carrier,2009,Japan (JPN)
9755751,TOYO MARU NO. 3,3990,Vehicles Carrier,2016,Japan (JPN)
9336919,TOYOFUJI MARU,12687,Vehicles Carrier,2005,Japan (JPN)
9412579,TOYOFUJI MARU NO. 2,28448,Vehicles Carrier,2008,Japan (JPN)
9336921,TOYOFUKU MARU,12687,Vehicles Carrier,2005,Japan (JPN)
9561253,TRANQUIL ACE,58939,Vehicles Carrier,2009,Cayman Islands (CYM)
9477713,TRANS FUTURE 10,28755,Vehicles Carrier,2010,Panama (PAN)
9477737,TRANS FUTURE 11,28755,Vehicles Carrier,2011,Panama (PAN)
9227613,TRANS FUTURE 3,25157,Vehicles Carrier,2001,Panama (PAN)
9326079,TRANS FUTURE 5,60414,Vehicles Carrier,2005,Panama (PAN)
9326081,TRANS FUTURE 6,60401,Vehicles Carrier,2006,Panama (PAN)
9326093,TRANS FUTURE 7,60401,Vehicles Carrier,2006,Liberia (LBR)
9477701,TRANS FUTURE 8,28755,Vehicles Carrier,2010,Panama (PAN)
9788849,TRANS HARMONY 1,50305,Vehicles Carrier,2018,Panama (PAN)
9788851,TRANS HARMONY 2,50305,Vehicles Carrier,2018,Panama (PAN)
9412567,TRANS LEADER,43810,Vehicles Carrier,2008,Panama (PAN)
9216626,TRANSFIGHTER,20851,Ro-Ro Cargo Ship,2001,Malta (MLT)
9700524,TRAVIATA,73358,Vehicles Carrier,2019,Sweden (SWE)
9307384,TRICA,28289,Ro-Ro Cargo Ship,2007,Netherlands (NLD)
9519121,TRITON ACE,60876,Vehicles Carrier,2009,Panama (PAN)
9553103,TRITON LEADER,60876,Vehicles Carrier,2010,Panama (PAN)
9209506,TRIUMPH ACE,55880,Vehicles Carrier,2000,Panama (PAN)
9510046,TROPIC EXPRESS,3744,Ro-Ro Cargo Ship,2011,St Vincent and Grenadines (VCT)
9816842,TROY SEAWAYS,60465,Ro-Ro Cargo Ship,2019,Turkey (TUR)
9726140,TSURUGA,11193,Ro-Ro Cargo Ship,2015,Japan (JPN)
9505065,TUGELA,72295,Vehicles Carrier,2011,Malta (MLT)
9505089,TULANE,72295,Vehicles Carrier,2012,Malta (MLT)
9809100,TULIPA SEAWAYS,32336,Ro-Ro Cargo Ship,2017,Lithuania (LTU)
9343273,TUNDRALAND,23128,Ro-Ro Cargo Ship,2007,Sweden (SWE)
9515400,TYSLA,75251,Vehicles Carrier,2012,Malta (MLT)
9762546,ULJANIK 514,44972,Vehicles Carrier,2020,Liberia (LBR)
9810290,ULJANIK 533,8000,Ro-Ro Cargo Ship,2021,Kazakhstan (KAZ)
9506253,ULUSOY-14,31675,Ro-Ro Cargo Ship,2012,Turkey (TUR)
